SET SQL_MODE = "NO_AUTO_VALUE_ON_ZERO";
SET time_zone = "+00:00";

INSERT IGNORE INTO `system` (`name`,`groupe`,`value`) VALUES
('chiro', 'module', 'v4.4.0');

INSERT IGNORE INTO `configuration` (`name`, `level`, `module`, `value`) VALUES
('administratifSecteurHonoraires', 'module', 'chiro', '');

INSERT IGNORE INTO `actes_base` (`code`, `activite`, `phase`, `label`, `type`, `dataYaml`, `tarifUnit`, `fromID`, `creationDate`) VALUES
('CsChiro', '1', '0', 'Consulte chiro', 'Libre', 'tarifBase: 50', 'euro', 1, '2019-01-01 00:00:00'),
('Echo', '1', '0', 'Echo chiro', 'Libre', 'tarifBase: 20', 'euro', 1, '2019-01-01 00:00:00');

INSERT IGNORE INTO `actes_cat` (`name`, `label`, `description`, `module`, `fromID`, `creationDate`, `displayOrder`) VALUES
('chiroCatExam', 'Examens  module chiro', '', 'chiro', 1, '2018-01-01 00:00:00', 2),
('chiroCatConsult', 'Consultations', '', 'chiro', 1, '2018-01-01 00:00:00', 1);

SET @catID = (SELECT actes_cat.id FROM actes_cat WHERE actes_cat.name='chiroCatConsult');
INSERT IGNORE INTO `actes` (`cat`, `label`, `shortLabel`, `details`, `flagImportant`, `flagCmu`, `fromID`, `toID`, `creationDate`) VALUES
(@catID, 'Consultation chiropratique', 'Cs', 'CsChiro:', 1, 0, 1, 0, '2018-01-01 00:00:00'),
(@catID, 'Consultation + échographie', 'Cs + Echo', 'CsChiro:\nEcho:', 0, 0, 1, 0, '2018-01-01 00:00:00');

SET @catID = (SELECT actes_cat.id FROM actes_cat WHERE actes_cat.name='chiroCatExam');
INSERT IGNORE INTO `actes` (`cat`, `label`, `shortLabel`, `details`, `flagImportant`, `flagCmu`, `fromID`, `toID`, `creationDate`) VALUES
(@catID, 'Echographie', 'Echo', 'Echo:', 0, 0, 1, 0, '2018-01-01 00:00:00');

INSERT IGNORE INTO `data_cat` (`groupe`, `name`, `label`, `description`, `type`, `fromID`, `creationDate`) VALUES
('typecs', 'csChiro', 'Consultations chiro', 'consultations possibles', 'user', 1, '2018-01-01 00:00:00'),
('medical', 'dataCsChiro', 'Données formulaire de Cs du module chiro', '', 'user', 1, '2018-01-01 00:00:00');

SET @catID = (SELECT data_cat.id FROM data_cat WHERE data_cat.name='csChiro');
INSERT IGNORE INTO `data_types` (`groupe`, `name`, `placeholder`, `label`, `description`, `validationRules`, `validationErrorMsg`, `formType`, `formValues`, `module`, `cat`, `fromID`, `creationDate`, `durationLife`, `displayOrder`) VALUES
('typecs', 'csChiroGroup', '', 'Nouvelle consultation', 'support parent pour les consultations chiro', '', '', '', 'chiroConsult', 'chiro', @catID, 1, '2018-01-01 00:00:00', 86400, 1);

SET @catID = (SELECT data_cat.id FROM data_cat WHERE data_cat.name='porteursReglement');
INSERT IGNORE INTO `data_types` (`groupe`, `name`, `placeholder`, `label`, `description`, `validationRules`, `validationErrorMsg`, `formType`, `formValues`, `module`, `cat`, `fromID`, `creationDate`, `durationLife`, `displayOrder`) VALUES
('reglement', 'chiroReglePorteur', '', 'Règlement', 'Règlement honoraires libres', '', '', '', 'baseReglementLibre', 'chiro', @catID, 1, '2018-01-01 00:00:00', 1576800000, 1);

SET @catID = (SELECT data_cat.id FROM data_cat WHERE data_cat.name='reglementItems');
INSERT IGNORE INTO `data_types` (`groupe`, `name`, `placeholder`, `label`, `description`, `validationRules`, `validationErrorMsg`, `formType`, `formValues`, `module`, `cat`, `fromID`, `creationDate`, `durationLife`, `displayOrder`) VALUES
('reglement', 'chiroRegleTarifCejour', '', 'Tarif', 'tarif appliqué ce jour', '', '', 'text', '', 'chiro', @catID, 1, '2018-01-01 00:00:00', 1576800000, 1);

SET @catID = (SELECT data_cat.id FROM data_cat WHERE data_cat.name='atcd');
INSERT IGNORE INTO `data_types` (`groupe`, `name`, `placeholder`, `label`, `description`, `validationRules`, `validationErrorMsg`, `formType`, `formValues`, `module`, `cat`, `fromID`, `creationDate`, `durationLife`, `displayOrder`) VALUES
('medical', 'chiroAtcdPerso', 'Antécédents personnels médicaux', 'Antécédents médicaux', 'Antécédents médicaux', '', '', 'textarea', '', 'chiro', @catID, 1, '2018-01-01 00:00:00', 3600, 1),
('medical', 'chiroAtcdNMS', 'Antécédents neuro-musculo-squelettiques personnels', 'Antécédents neuro-musculo-squelettiques', 'Antécédents neuro-musculo-squelettiques personnels', '', '', 'textarea', '', 'chiro', @catID, 1, '2018-01-01 00:00:00', 3600, 1),
('medical', 'chiroAtcdChir', 'Antécédents chirurgicaux personnels', 'Antécédents chirurgicaux', 'Antécédents chirurgicaux personnels', '', '', 'textarea', '', 'chiro', @catID, 1, '2018-01-01 00:00:00', 3600, 1),
('medical', 'chiroAtcdTraitements', 'Traitements', 'Médicaments / Compléments alimentaires', 'Traitements médicamenteux et alimentaires personnels', '', '', 'textarea', '', 'chiro', @catID, 1, '2018-01-01 00:00:00', 3600, 1),
('medical', 'chiroAccidents', 'Accidents et Traumas', 'Accidents et Traumas', 'Accidents et Traumas', '', '', 'textarea', '', 'chiro', @catID, 1, '2018-01-01 00:00:00', 3600, 1),
('medical', 'chiroSports', 'Sports & Activités', 'Sports & Activités', '', '', '', 'textarea', '', 'chiro', @catID, 1, '2018-01-01 00:00:00', 3600, 3);

SET @catID = (SELECT data_cat.id FROM data_cat WHERE data_cat.name='dataCsChiro');
INSERT IGNORE INTO `data_types` (`groupe`, `name`, `placeholder`, `label`, `description`, `validationRules`, `validationErrorMsg`, `formType`, `formValues`, `module`, `cat`, `fromID`, `creationDate`, `durationLife`, `displayOrder`) VALUES
('medical', 'chiroEvolSym', 'Evolution & symptômes', '', 'Evolution & symptômes', '', '', 'textarea', '', 'chiro', @catID, 1, '2018-01-01 00:00:00', 3600, 1),
('medical', 'chiroDiagnostic', 'Diagnostic', '', 'Diagnostic', '', '', 'text', '', 'chiro', @catID, 1, '2018-01-01 00:00:00', 3600, 1),
('medical', 'chiroMusculaire', 'Musculaire', 'Musculaire', 'Musculaire', '', '', 'textarea', '', 'chiro', @catID, 1, '2018-01-01 00:00:00', 3600, 1),
('medical', 'chiroCranien', 'Cranien', 'Cranien', 'Cranien', '', '', 'textarea', '', 'chiro', @catID, 1, '2018-01-01 00:00:00', 3600, 1),
('medical', 'chiroAK', 'AK', 'AK', 'AK', '', '', 'textarea', '', 'chiro', @catID, 1, '2018-01-01 00:00:00', 3600, 1),
('medical', 'chiroTBM', 'TBM', 'TBM', 'TBM', '', '', 'textarea', '', 'chiro', @catID, 1, '2018-01-01 00:00:00', 3600, 1),
('medical', 'chiroNET', 'NET', 'NET', 'NET', '', '', 'textarea', '', 'chiro', @catID, 1, '2018-01-01 00:00:00', 3600, 1),
('medical', 'chiroWhitesonNot', 'Whiteson/NOT', 'Whiteson/NOT', 'Whiteson/NOT', '', '', 'textarea', '', 'chiro', @catID, 1, '2018-01-01 00:00:00', 3600, 1),
('medical', 'chiroThompson', 'Thompson', 'Thompson', 'Thompson', '', '', 'textarea', '', 'chiro', @catID, 1, '2018-01-01 00:00:00', 3600, 1),
('medical', 'chiroActivator', 'Activator', 'Activator', 'Activator', '', '', 'textarea', '', 'chiro', @catID, 1, '2018-01-01 00:00:00', 3600, 1),
('medical', 'chiroTapeStrap', 'Tape/Strap', 'Tape/Strap', 'Tape/Strap', '', '', 'textarea', '', 'chiro', @catID, 1, '2018-01-01 00:00:00', 3600, 1),
('medical', 'chiroHIO', 'HIO', 'HIO', 'HIO', '', '', 'textarea', '', 'chiro', @catID, 1, '2018-01-01 00:00:00', 3600, 1),
('medical', 'chiroAutres', 'Autres', 'Autres', 'Autres', '', '', 'textarea', '', 'chiro', @catID, 1, '2018-01-01 00:00:00', 3600, 1),
('medical', 'chiroSOTCat1', 'SOT Cat I', 'Cat I', 'SOT Cat I', '', '', 'checkbox', '', 'chiro', @catID, 1, '2018-01-01 00:00:00', 3600, 1),
('medical', 'chiroSOTCat2', 'SOT Cat II', 'Cat II', 'SOT Cat II', '', '', 'checkbox', '', 'chiro', @catID, 1, '2018-01-01 00:00:00', 3600, 1),
('medical', 'chiroSOTCat3', 'SOT Cat III', 'Cat III', 'SOT Cat III', '', '', 'checkbox', '', 'chiro', @catID, 1, '2018-01-01 00:00:00', 3600, 1),
('medical', 'chiroExtrem', 'Extrémités', 'Extrémités', 'Extrémités', '', '', 'textarea', '', 'chiro', @catID, 1, '2018-01-01 00:00:00', 3600, 1),
('medical', 'chiroTibio_fibulaire_distale_Lt', 'Tibio-fibulaire distale Lt', 'Tibio-fibulaire distale Lt', 'Tibio-fibulaire distale Lt', '', '', 'hidden', '', 'chiro', @catID, 1, '2018-01-01 00:00:00', 3600, 1),
('medical', 'chiroTibio_fibulaire_distale_Rt', 'Tibio-fibulaire distale Rt', 'Tibio-fibulaire distale Rt', 'Tibio-fibulaire distale Rt', '', '', 'hidden', '', 'chiro', @catID, 1, '2018-01-01 00:00:00', 3600, 1),
('medical', 'chiroMetacarpe_IV_Lt', 'Métacarpe IV Lt', 'Métacarpe IV Lt', 'Métacarpe IV Lt', '', '', 'hidden', '', 'chiro', @catID, 1, '2018-01-01 00:00:00', 3600, 1),
('medical', 'chiroMetacarpe_IV_Rt', 'Métacarpe IV Rt', 'Métacarpe IV Rt', 'Métacarpe IV Rt', '', '', 'hidden', '', 'chiro', @catID, 1, '2018-01-01 00:00:00', 3600, 1),
('medical', 'chiroMetacarpe_V_Lt', 'Métacarpe V Lt', 'Métacarpe V Lt', 'Métacarpe V Lt', '', '', 'hidden', '', 'chiro', @catID, 1, '2018-01-01 00:00:00', 3600, 1),
('medical', 'chiroTibia_Lt', 'Tibia Lt', 'Tibia Lt', 'Tibia Lt', '', '', 'hidden', '', 'chiro', @catID, 1, '2018-01-01 00:00:00', 3600, 1),
('medical', 'chiroTalus_Rt', 'Talus Rt', 'Talus Rt', 'Talus Rt', '', '', 'hidden', '', 'chiro', @catID, 1, '2018-01-01 00:00:00', 3600, 1),
('medical', 'chiroP3_IV_Lt', 'P3 IV Lt', 'P3 IV Lt', 'P3 IV Lt', '', '', 'hidden', '', 'chiro', @catID, 1, '2018-01-01 00:00:00', 3600, 1),
('medical', 'chiroP3_IV_Rt', 'P3 IV Rt', 'P3 IV Rt', 'P3 IV Rt', '', '', 'hidden', '', 'chiro', @catID, 1, '2018-01-01 00:00:00', 3600, 1),
('medical', 'chiroP3_V_Lt', 'P3 V Lt', 'P3 V Lt', 'P3 V Lt', '', '', 'hidden', '', 'chiro', @catID, 1, '2018-01-01 00:00:00', 3600, 1),
('medical', 'chiroP3_V_Rt', 'P3 V Rt', 'P3 V Rt', 'P3 V Rt', '', '', 'hidden', '', 'chiro', @catID, 1, '2018-01-01 00:00:00', 3600, 1),
('medical', 'chiro_p1_I_Lt', 'p1 I Lt', 'p1 I Lt', 'p1 I Lt', '', '', 'hidden', '', 'chiro', @catID, 1, '2018-01-01 00:00:00', 3600, 1),
('medical', 'chiro_p1_I_Rt', 'p1 I Rt', 'p1 I Rt', 'p1 I Rt', '', '', 'hidden', '', 'chiro', @catID, 1, '2018-01-01 00:00:00', 3600, 1),
('medical', 'chiro_p1_II_Lt', 'p1 II Lt', 'p1 II Lt', 'p1 II Lt', '', '', 'hidden', '', 'chiro', @catID, 1, '2018-01-01 00:00:00', 3600, 1),
('medical', 'chiro_p1_II_Rt', 'p1 II Rt', 'p1 II Rt', 'p1 II Rt', '', '', 'hidden', '', 'chiro', @catID, 1, '2018-01-01 00:00:00', 3600, 1),
('medical', 'chiro_p1_III_Lt', 'p1 III Lt', 'p1 III Lt', 'p1 III Lt', '', '', 'hidden', '', 'chiro', @catID, 1, '2018-01-01 00:00:00', 3600, 1),
('medical', 'chiro_p1_III_Rt', 'p1 III Rt', 'p1 III Rt', 'p1 III Rt', '', '', 'hidden', '', 'chiro', @catID, 1, '2018-01-01 00:00:00', 3600, 1),
('medical', 'chiro_p1_IV_Lt', 'p1 IV Lt', 'p1 IV Lt', 'p1 IV Lt', '', '', 'hidden', '', 'chiro', @catID, 1, '2018-01-01 00:00:00', 3600, 1),
('medical', 'chiro_p1_IV_Rt', 'p1 IV Rt', 'p1 IV Rt', 'p1 IV Rt', '', '', 'hidden', '', 'chiro', @catID, 1, '2018-01-01 00:00:00', 3600, 1),
('medical', 'chiro_p1_V_Lt', 'p1 V Lt', 'p1 V Lt', 'p1 V Lt', '', '', 'hidden', '', 'chiro', @catID, 1, '2018-01-01 00:00:00', 3600, 1),
('medical', 'chiro_p1_V_Rt', 'p1 V Rt', 'p1 V Rt', 'p1 V Rt', '', '', 'hidden', '', 'chiro', @catID, 1, '2018-01-01 00:00:00', 3600, 1),
('medical', 'chiro_p2_I_Lt', 'p2 I Lt', 'p2 I Lt', 'p2 I Lt', '', '', 'hidden', '', 'chiro', @catID, 1, '2018-01-01 00:00:00', 3600, 1),
('medical', 'chiro_p2_I_Rt', 'p2 I Rt', 'p2 I Rt', 'p2 I Rt', '', '', 'hidden', '', 'chiro', @catID, 1, '2018-01-01 00:00:00', 3600, 1),
('medical', 'chiro_p2_II_Lt', 'p2 II Lt', 'p2 II Lt', 'p2 II Lt', '', '', 'hidden', '', 'chiro', @catID, 1, '2018-01-01 00:00:00', 3600, 1),
('medical', 'chiro_p2_II_Rt', 'p2 II Rt', 'p2 II Rt', 'p2 II Rt', '', '', 'hidden', '', 'chiro', @catID, 1, '2018-01-01 00:00:00', 3600, 1),
('medical', 'chiro_p2_III_Lt', 'p2 III Lt', 'p2 III Lt', 'p2 III Lt', '', '', 'hidden', '', 'chiro', @catID, 1, '2018-01-01 00:00:00', 3600, 1),
('medical', 'chiro_p2_III_Rt', 'p2 III Rt', 'p2 III Rt', 'p2 III Rt', '', '', 'hidden', '', 'chiro', @catID, 1, '2018-01-01 00:00:00', 3600, 1),
('medical', 'chiro_p2_IV_Lt', 'p2 IV Lt', 'p2 IV Lt', 'p2 IV Lt', '', '', 'hidden', '', 'chiro', @catID, 1, '2018-01-01 00:00:00', 3600, 1),
('medical', 'chiro_p2_IV_Rt', 'p2 IV Rt', 'p2 IV Rt', 'p2 IV Rt', '', '', 'hidden', '', 'chiro', @catID, 1, '2018-01-01 00:00:00', 3600, 1),
('medical', 'chiro_p2_V_Lt', 'p2 V Lt', 'p2 V Lt', 'p2 V Lt', '', '', 'hidden', '', 'chiro', @catID, 1, '2018-01-01 00:00:00', 3600, 1),
('medical', 'chiro_p2_V_Rt', 'p2 V Rt', 'p2 V Rt', 'p2 V Rt', '', '', 'hidden', '', 'chiro', @catID, 1, '2018-01-01 00:00:00', 3600, 1),
('medical', 'chiroPatella_Lt', 'Patella Lt', 'Patella Lt', 'Patella Lt', '', '', 'hidden', '', 'chiro', @catID, 1, '2018-01-01 00:00:00', 3600, 1),
('medical', 'chiroPatella_Rt', 'Patella Rt', 'Patella Rt', 'Patella Rt', '', '', 'hidden', '', 'chiro', @catID, 1, '2018-01-01 00:00:00', 3600, 1),
('medical', 'chiroPisiforme_Lt', 'Pisiforme Lt', 'Pisiforme Lt', 'Pisiforme Lt', '', '', 'hidden', '', 'chiro', @catID, 1, '2018-01-01 00:00:00', 3600, 1),
('medical', 'chiroPisiforme_Rt', 'Pisiforme Rt', 'Pisiforme Rt', 'Pisiforme Rt', '', '', 'hidden', '', 'chiro', @catID, 1, '2018-01-01 00:00:00', 3600, 1),
('medical', 'chiroSacrum', 'Sacrum', 'Sacrum', 'Sacrum', '', '', 'hidden', '', 'chiro', @catID, 1, '2018-01-01 00:00:00', 3600, 1),
('medical', 'chiroScaphoide_Lt', 'Scaphoïde Lt', 'Scaphoïde Lt', 'Scaphoïde Lt', '', '', 'hidden', '', 'chiro', @catID, 1, '2018-01-01 00:00:00', 3600, 1),
('medical', 'chiroScaphoide_Rt', 'Scaphoïde Rt', 'Scaphoïde Rt', 'Scaphoïde Rt', '', '', 'hidden', '', 'chiro', @catID, 1, '2018-01-01 00:00:00', 3600, 1),
('medical', 'chiroScapula_Lt', 'Scapula Lt', 'Scapula Lt', 'Scapula Lt', '', '', 'hidden', '', 'chiro', @catID, 1, '2018-01-01 00:00:00', 3600, 1),
('medical', 'chiroScapula_Rt', 'Scapula Rt', 'Scapula Rt', 'Scapula Rt', '', '', 'hidden', '', 'chiro', @catID, 1, '2018-01-01 00:00:00', 3600, 1),
('medical', 'chiroTalus_Lt', 'Talus Lt', 'Talus Lt', 'Talus Lt', '', '', 'hidden', '', 'chiro', @catID, 1, '2018-01-01 00:00:00', 3600, 1),
('medical', 'chiroMetatarso_phalangienne_Rt', 'Métatarso-phalangienne Rt', 'Métatarso-phalangienne Rt', 'Métatarso-phalangienne Rt', '', '', 'hidden', '', 'chiro', @catID, 1, '2018-01-01 00:00:00', 3600, 1),
('medical', 'chiroMetatarso_phalangienne_Lt', 'Métatarso-phalangienne Lt', 'Métatarso-phalangienne Lt', 'Métatarso-phalangienne Lt', '', '', 'hidden', '', 'chiro', @catID, 1, '2018-01-01 00:00:00', 3600, 1),
('medical', 'chiroMetatarse_V_Rt', 'Métatarse V Rt', 'Métatarse V Rt', 'Métatarse V Rt', '', '', 'hidden', '', 'chiro', @catID, 1, '2018-01-01 00:00:00', 3600, 1),
('medical', 'chiroMetatarse_V_Lt', 'Métatarse V Lt', 'Métatarse V Lt', 'Métatarse V Lt', '', '', 'hidden', '', 'chiro', @catID, 1, '2018-01-01 00:00:00', 3600, 1),
('medical', 'chiroMetatarse_IV_Rt', 'Métatarse IV Rt', 'Métatarse IV Rt', 'Métatarse IV Rt', '', '', 'hidden', '', 'chiro', @catID, 1, '2018-01-01 00:00:00', 3600, 1),
('medical', 'chiroMetatarse_IV_Lt', 'Métatarse IV Lt', 'Métatarse IV Lt', 'Métatarse IV Lt', '', '', 'hidden', '', 'chiro', @catID, 1, '2018-01-01 00:00:00', 3600, 1),
('medical', 'chiroMetatarse_III_Rt', 'Métatarse III Rt', 'Métatarse III Rt', 'Métatarse III Rt', '', '', 'hidden', '', 'chiro', @catID, 1, '2018-01-01 00:00:00', 3600, 1),
('medical', 'chiroMetatarse_III_Lt', 'Métatarse III Lt', 'Métatarse III Lt', 'Métatarse III Lt', '', '', 'hidden', '', 'chiro', @catID, 1, '2018-01-01 00:00:00', 3600, 1),
('medical', 'chiroMetatarse_II_Rt', 'Métatarse II Rt', 'Métatarse II Rt', 'Métatarse II Rt', '', '', 'hidden', '', 'chiro', @catID, 1, '2018-01-01 00:00:00', 3600, 1),
('medical', 'chiroMetatarse_II_Lt', 'Métatarse II Lt', 'Métatarse II Lt', 'Métatarse II Lt', '', '', 'hidden', '', 'chiro', @catID, 1, '2018-01-01 00:00:00', 3600, 1),
('medical', 'chiroMetatarse_I_Rt', 'Métatarse I Rt', 'Métatarse I Rt', 'Métatarse I_Rt', '', '', 'hidden', '', 'chiro', @catID, 1, '2018-01-01 00:00:00', 3600, 1),
('medical', 'chiroMetatarse_I_Lt', 'Métatarse I Lt', 'Métatarse I Lt', 'Métatarse I_Lt', '', '', 'hidden', '', 'chiro', @catID, 1, '2018-01-01 00:00:00', 3600, 1),
('medical', 'chiroTriquetrum_Rt', 'Triquetrum Rt', 'Triquetrum Rt', 'Triquetrum Rt', '', '', 'hidden', '', 'chiro', @catID, 1, '2018-01-01 00:00:00', 3600, 1),
('medical', 'chiroTriquetrum_Lt', 'Triquetrum Lt', 'Triquetrum Lt', 'Triquetrum Lt', '', '', 'hidden', '', 'chiro', @catID, 1, '2018-01-01 00:00:00', 3600, 1),
('medical', 'chiroTrapezoide_Rt', 'Trapézoïde Rt', 'Trapézoïde Rt', 'Trapézoïde Rt', '', '', 'hidden', '', 'chiro', @catID, 1, '2018-01-01 00:00:00', 3600, 1),
('medical', 'chiroTrapezoide_Lt', 'Trapézoïde Lt', 'Trapézoïde Lt', 'Trapézoïde Lt', '', '', 'hidden', '', 'chiro', @catID, 1, '2018-01-01 00:00:00', 3600, 1),
('medical', 'chiroTrapezium_Rt', 'Trapezium Rt', 'Trapezium Rt', 'Trapezium Rt', '', '', 'hidden', '', 'chiro', @catID, 1, '2018-01-01 00:00:00', 3600, 1),
('medical', 'chiroTrapezium_Lt', 'Trapezium Lt', 'Trapezium Lt', 'Trapezium Lt', '', '', 'hidden', '', 'chiro', @catID, 1, '2018-01-01 00:00:00', 3600, 1),
('medical', 'chiroTibia_Rt', 'Tibia Rt', 'Tibia Rt', 'Tibia Rt', '', '', 'hidden', '', 'chiro', @catID, 1, '2018-01-01 00:00:00', 3600, 1),
('medical', 'chiroP3_III_Rt', 'P3 III Rt', 'P3 III Rt', 'P3 III Rt', '', '', 'hidden', '', 'chiro', @catID, 1, '2018-01-01 00:00:00', 3600, 1),
('medical', 'chiroP3_III_Lt', 'P3 III Lt', 'P3 III Lt', 'P3 III Lt', '', '', 'hidden', '', 'chiro', @catID, 1, '2018-01-01 00:00:00', 3600, 1),
('medical', 'chiroP3_II_Rt', 'P3 II Rt', 'P3 II Rt', 'P3 II Rt', '', '', 'hidden', '', 'chiro', @catID, 1, '2018-01-01 00:00:00', 3600, 1),
('medical', 'chiroP3_II_Lt', 'P3 II Lt', 'P3 II Lt', 'P3 II Lt', '', '', 'hidden', '', 'chiro', @catID, 1, '2018-01-01 00:00:00', 3600, 1),
('medical', 'chiroP2_V_Rt', 'P2 V Rt', 'P2 V Rt', 'P2 V Rt', '', '', 'hidden', '', 'chiro', @catID, 1, '2018-01-01 00:00:00', 3600, 1),
('medical', 'chiroP2_V_Lt', 'P2 V Lt', 'P2 V Lt', 'P2 V Lt', '', '', 'hidden', '', 'chiro', @catID, 1, '2018-01-01 00:00:00', 3600, 1),
('medical', 'chiroP2_IV_Rt', 'P2 IV Rt', 'P2 IV Rt', 'P2 IV Rt', '', '', 'hidden', '', 'chiro', @catID, 1, '2018-01-01 00:00:00', 3600, 1),
('medical', 'chiroP2_IV_Lt', 'P2 IV Lt', 'P2 IV Lt', 'P2 IV Lt', '', '', 'hidden', '', 'chiro', @catID, 1, '2018-01-01 00:00:00', 3600, 1),
('medical', 'chiroP2_III_Rt', 'P2 III Rt', 'P2 III Rt', 'P2 III Rt', '', '', 'hidden', '', 'chiro', @catID, 1, '2018-01-01 00:00:00', 3600, 1),
('medical', 'chiroP2_III_Lt', 'P2 III Lt', 'P2 III Lt', 'P2 III Lt', '', '', 'hidden', '', 'chiro', @catID, 1, '2018-01-01 00:00:00', 3600, 1),
('medical', 'chiroP2_II_Rt', 'P2 II Rt', 'P2 II Rt', 'P2 II Rt', '', '', 'hidden', '', 'chiro', @catID, 1, '2018-01-01 00:00:00', 3600, 1),
('medical', 'chiroP2_II_Lt', 'P2 II Lt', 'P2 II Lt', 'P2 II Lt', '', '', 'hidden', '', 'chiro', @catID, 1, '2018-01-01 00:00:00', 3600, 1),
('medical', 'chiroP2_I_Rt', 'P2 I Rt', 'P2 I Rt', 'P2 I Rt', '', '', 'hidden', '', 'chiro', @catID, 1, '2018-01-01 00:00:00', 3600, 1),
('medical', 'chiroP2_I_Lt', 'P2 I Lt', 'P2 I Lt', 'P2 I Lt', '', '', 'hidden', '', 'chiro', @catID, 1, '2018-01-01 00:00:00', 3600, 1),
('medical', 'chiroP1_V_Rt', 'P1 V Rt', 'P1 V Rt', 'P1 V Rt', '', '', 'hidden', '', 'chiro', @catID, 1, '2018-01-01 00:00:00', 3600, 1),
('medical', 'chiroP1_V_Lt', 'P1 V Lt', 'P1 V Lt', 'P1 V Lt', '', '', 'hidden', '', 'chiro', @catID, 1, '2018-01-01 00:00:00', 3600, 1),
('medical', 'chiroSterno_claviculaire_Lt', 'Sterno-claviculaire Lt', 'Sterno-claviculaire Lt', 'Sterno-claviculaire Lt', '', '', 'hidden', '', 'chiro', @catID, 1, '2018-01-01 00:00:00', 3600, 1),
('medical', 'chiroATM_Rt', 'ATM Rt', 'ATM Rt', 'ATM Rt', '', '', 'hidden', '', 'chiro', @catID, 1, '2018-01-01 00:00:00', 3600, 1),
('medical', 'chiroATM_Lt', 'ATM Lt', 'ATM Lt', 'ATM Lt', '', '', 'hidden', '', 'chiro', @catID, 1, '2018-01-01 00:00:00', 3600, 1),
('medical', 'chiroP1_IV_Lt', 'P1 IV Lt', 'P1 IV Lt', 'P1 IV Lt', '', '', 'hidden', '', 'chiro', @catID, 1, '2018-01-01 00:00:00', 3600, 1),
('medical', 'chiroP1_IV_Rt', 'P1 IV Rt', 'P1 IV Rt', 'P1 IV Rt', '', '', 'hidden', '', 'chiro', @catID, 1, '2018-01-01 00:00:00', 3600, 1),
('medical', 'chiroP1_III_Lt', 'P1 III Lt', 'P1 III Lt', 'P1 III Lt', '', '', 'hidden', '', 'chiro', @catID, 1, '2018-01-01 00:00:00', 3600, 1),
('medical', 'chiroP1_III_Rt', 'P1 III Rt', 'P1 III Rt', 'P1 III Rt', '', '', 'hidden', '', 'chiro', @catID, 1, '2018-01-01 00:00:00', 3600, 1),
('medical', 'chiroP1_II_Rt', 'P1 II Rt', 'P1 II Rt', 'P1 II Rt', '', '', 'hidden', '', 'chiro', @catID, 1, '2018-01-01 00:00:00', 3600, 1),
('medical', 'chiroP1_II_Lt', 'P1 II Lt', 'P1 II Lt', 'P1 II Lt', '', '', 'hidden', '', 'chiro', @catID, 1, '2018-01-01 00:00:00', 3600, 1),
('medical', 'chiroP1_I_Rt', 'P1 I Rt', 'P1 I Rt', 'P1 I Rt', '', '', 'hidden', '', 'chiro', @catID, 1, '2018-01-01 00:00:00', 3600, 1),
('medical', 'chiroP1_I_Lt', 'P1 I Lt', 'P1 I Lt', 'P1 I Lt', '', '', 'hidden', '', 'chiro', @catID, 1, '2018-01-01 00:00:00', 3600, 1),
('medical', 'chiroNaviculaire_Rt', 'Naviculaire Rt', 'Naviculaire Rt', 'Naviculaire Rt', '', '', 'hidden', '', 'chiro', @catID, 1, '2018-01-01 00:00:00', 3600, 1),
('medical', 'chiroNaviculaire_Lt', 'Naviculaire Lt', 'Naviculaire Lt', 'Naviculaire Lt', '', '', 'hidden', '', 'chiro', @catID, 1, '2018-01-01 00:00:00', 3600, 1),
('medical', 'chiroMetacarpe_V_Rt', 'Métacarpe V Rt', 'Métacarpe V Rt', 'Métacarpe V Rt', '', '', 'hidden', '', 'chiro', @catID, 1, '2018-01-01 00:00:00', 3600, 1),
('medical', 'chiroMetacarpe_III_Rt', 'Métacarpe III Rt', 'Métacarpe III Rt', 'Métacarpe III Rt', '', '', 'hidden', '', 'chiro', @catID, 1, '2018-01-01 00:00:00', 3600, 1),
('medical', 'chiroMetacarpe_III_Lt', 'Métacarpe III Lt', 'Métacarpe III Lt', 'Métacarpe III Lt', '', '', 'hidden', '', 'chiro', @catID, 1, '2018-01-01 00:00:00', 3600, 1),
('medical', 'chiroMetacarpe_II_Lt', 'Métacarpe II Lt', 'Métacarpe II Lt', 'Métacarpe II Lt', '', '', 'hidden', '', 'chiro', @catID, 1, '2018-01-01 00:00:00', 3600, 1),
('medical', 'chiroMetacarpe_II_Rt', 'Métacarpe II Rt', 'Métacarpe II Rt', 'Métacarpe II Rt', '', '', 'hidden', '', 'chiro', @catID, 1, '2018-01-01 00:00:00', 3600, 1),
('medical', 'chiroMetacarpe_I_Rt', 'Métacarpe I Rt', 'Métacarpe I Rt', 'Métacarpe I Rt', '', '', 'hidden', '', 'chiro', @catID, 1, '2018-01-01 00:00:00', 3600, 1),
('medical', 'chiroLunatum_Rt', 'Lunatum Rt', 'Lunatum Rt', 'Lunatum Rt', '', '', 'hidden', '', 'chiro', @catID, 1, '2018-01-01 00:00:00', 3600, 1),
('medical', 'chiroMetacarpe_I_Lt', 'Métacarpe I Lt', 'Métacarpe I Lt', 'Métacarpe I Lt', '', '', 'hidden', '', 'chiro', @catID, 1, '2018-01-01 00:00:00', 3600, 1),
('medical', 'chiroIlium_Lt', 'Ilium Lt', 'Ilium Lt', 'Ilium Lt', '', '', 'hidden', '', 'chiro', @catID, 1, '2018-01-01 00:00:00', 3600, 1),
('medical', 'chiroIlium_Rt', 'Ilium Rt', 'Ilium Rt', 'Ilium Rt', '', '', 'hidden', '', 'chiro', @catID, 1, '2018-01-01 00:00:00', 3600, 1),
('medical', 'chiroLunatum_Lt', 'Lunatum Lt', 'Lunatum Lt', 'Lunatum Lt', '', '', 'hidden', '', 'chiro', @catID, 1, '2018-01-01 00:00:00', 3600, 1),
('medical', 'chiroHamatum_Rt', 'Hamatum Rt', 'Hamatum Rt', 'Hamatum Rt', '', '', 'hidden', '', 'chiro', @catID, 1, '2018-01-01 00:00:00', 3600, 1),
('medical', 'chiroHamatum_Lt', 'Hamatum Lt', 'Hamatum Lt', 'Hamatum Lt', '', '', 'hidden', '', 'chiro', @catID, 1, '2018-01-01 00:00:00', 3600, 1),
('medical', 'chiroCuboide_Rt', 'Cuboïde Rt', 'Cuboïde Rt', 'Cuboïde Rt', '', '', 'hidden', '', 'chiro', @catID, 1, '2018-01-01 00:00:00', 3600, 1),
('medical', 'chiroCuboide_Lt', 'Cuboïde Lt', 'Cuboïde Lt', 'Cuboïde Lt', '', '', 'hidden', '', 'chiro', @catID, 1, '2018-01-01 00:00:00', 3600, 1),
('medical', 'chiroCapitatum_Rt', 'Capitatum Rt', 'Capitatum Rt', 'Capitatum Rt', '', '', 'hidden', '', 'chiro', @catID, 1, '2018-01-01 00:00:00', 3600, 1),
('medical', 'chiroCapitatum_Lt', 'Capitatum Lt', 'Capitatum Lt', 'Capitatum Lt', '', '', 'hidden', '', 'chiro', @catID, 1, '2018-01-01 00:00:00', 3600, 1),
('medical', 'chiroCalcaneum_Rt', 'Calcanéum Rt', 'Calcanéum Rt', 'Calcanéum Rt', '', '', 'hidden', '', 'chiro', @catID, 1, '2018-01-01 00:00:00', 3600, 1),
('medical', 'chiroCuneiforme_III_Rt', 'Cunéïforme III Rt', 'Cunéïforme III Rt', 'Cunéïforme III Rt', '', '', 'hidden', '', 'chiro', @catID, 1, '2018-01-01 00:00:00', 3600, 1),
('medical', 'chiroCalcaneum_Lt', 'Calcanéum Lt', 'Calcanéum Lt', 'Calcanéum Lt', '', '', 'hidden', '', 'chiro', @catID, 1, '2018-01-01 00:00:00', 3600, 1),
('medical', 'chiroCuneiforme_III_Lt', 'Cunéïforme III Lt', 'Cunéïforme III Lt', 'Cunéïforme III Lt', '', '', 'hidden', '', 'chiro', @catID, 1, '2018-01-01 00:00:00', 3600, 1),
('medical', 'chiroCuneiforme_II_Rt', 'Cunéïforme II Rt', 'Cunéïforme II Rt', 'Cunéïforme II Rt', '', '', 'hidden', '', 'chiro', @catID, 1, '2018-01-01 00:00:00', 3600, 1),
('medical', 'chiroCuneiforme_II_Lt', 'Cunéïforme II Lt', 'Cunéïforme II Lt', 'Cunéïforme II Lt', '', '', 'hidden', '', 'chiro', @catID, 1, '2018-01-01 00:00:00', 3600, 1),
('medical', 'chiroCuneiforme_I_Lt', 'Cunéïforme I Lt', 'Cunéïforme I Lt', 'Cunéïforme I Lt', '', '', 'hidden', '', 'chiro', @catID, 1, '2018-01-01 00:00:00', 3600, 1),
('medical', 'chiroCuneiforme_I_Rt', 'Cunéïforme I Rt', 'Cunéïforme I Rt', 'Cunéïforme I Rt', '', '', 'hidden', '', 'chiro', @catID, 1, '2018-01-01 00:00:00', 3600, 1),
('medical', 'chiroSterno_claviculaire_Rt', 'Sterno-claviculaire Rt', 'Sterno-claviculaire Rt', 'Sterno-claviculaire Rt', '', '', 'hidden', '', 'chiro', @catID, 1, '2018-01-01 00:00:00', 3600, 1),
('medical', 'chiroAcromio_claviculaire_Lt', 'Acromio-claviculaire Lt', 'Acromio-claviculaire Lt', 'Acromio-claviculaire Lt', '', '', 'hidden', '', 'chiro', @catID, 1, '2018-01-01 00:00:00', 3600, 1),
('medical', 'chiroAcromio_claviculaire_Rt', 'Acromio-claviculaire Rt', 'Acromio-claviculaire Rt', 'Acromio-claviculaire Rt', '', '', 'hidden', '', 'chiro', @catID, 1, '2018-01-01 00:00:00', 3600, 1),
('medical', 'chiroGleno_humerale_Lt', 'Gléno-humérale Lt', 'Gléno-humérale Lt', 'Gléno-humérale Lt', '', '', 'hidden', '', 'chiro', @catID, 1, '2018-01-01 00:00:00', 3600, 1),
('medical', 'chiroGleno_humerale_Rt', 'Gléno-humérale Rt', 'Gléno-humérale Rt', 'Gléno-humérale Rt', '', '', 'hidden', '', 'chiro', @catID, 1, '2018-01-01 00:00:00', 3600, 1),
('medical', 'chiroTete_radiale_Lt', 'Tête radiale Lt', 'Tête radiale Lt', 'Tête radiale Lt', '', '', 'hidden', '', 'chiro', @catID, 1, '2018-01-01 00:00:00', 3600, 1),
('medical', 'chiroTete_radiale_Rt', 'Tête radiale Rt', 'Tête radiale Rt', 'Tête radiale Rt', '', '', 'hidden', '', 'chiro', @catID, 1, '2018-01-01 00:00:00', 3600, 1),
('medical', 'chiroUlna_proximal_Lt', 'Ulna proximal Lt', 'Ulna proximal Lt', 'Ulna proximal Lt', '', '', 'hidden', '', 'chiro', @catID, 1, '2018-01-01 00:00:00', 3600, 1),
('medical', 'chiroUlna_proximal_Rt', 'Ulna proximal Rt', 'Ulna proximal Rt', 'Ulna proximal Rt', '', '', 'hidden', '', 'chiro', @catID, 1, '2018-01-01 00:00:00', 3600, 1),
('medical', 'chiroFemoro_acetabulaire_Lt', 'Fémoro-acétabulaire Lt', 'Fémoro-acétabulaire Lt', 'Fémoro-acétabulaire Lt', '', '', 'hidden', '', 'chiro', @catID, 1, '2018-01-01 00:00:00', 3600, 1),
('medical', 'chiroFemoro_acetabulaire_Rt', 'Fémoro-acétabulaire Rt', 'Fémoro-acétabulaire Rt', 'Fémoro-acétabulaire Rt', '', '', 'hidden', '', 'chiro', @catID, 1, '2018-01-01 00:00:00', 3600, 1),
('medical', 'chiroTibio_fibulaire_prox_Lt', 'Tibio-fibulaire prox Lt', 'Tibio-fibulaire prox Lt', 'Tibio-fibulaire prox Lt', '', '', 'hidden', '', 'chiro', @catID, 1, '2018-01-01 00:00:00', 3600, 1),
('medical', 'chiroTibio_fibulaire_prox_Rt', 'Tibio-fibulaire prox Rt', 'Tibio-fibulaire prox Rt', 'Tibio-fibulaire prox Rt', '', '', 'hidden', '', 'chiro', @catID, 1, '2018-01-01 00:00:00', 3600, 1),
('medical', 'chiroSymphyse', 'Symphyse', 'Symphyse', 'Symphyse', '', '', 'hidden', '', 'chiro', @catID, 1, '2018-01-01 00:00:00', 3600, 1),
('medical', 'chiroStyloide_radiale_Lt', 'Styloïde radiale Lt', 'Styloïde radiale Lt', 'Styloïde radiale Lt', '', '', 'hidden', '', 'chiro', @catID, 1, '2018-01-01 00:00:00', 3600, 1),
('medical', 'chiroStyloide_radiale_Rt', 'Styloïde radiale Rt', 'Styloïde radiale Rt', 'Styloïde radiale Rt', '', '', 'hidden', '', 'chiro', @catID, 1, '2018-01-01 00:00:00', 3600, 1),
('medical', 'chiroUlna_distal_Lt', 'Ulna distal Lt', 'Ulna distal Lt', 'Ulna distal Lt', '', '', 'hidden', '', 'chiro', @catID, 1, '2018-01-01 00:00:00', 3600, 1),
('medical', 'chiroUlna_distal_Rt', 'Ulna distal Rt', 'Ulna distal Rt', 'Ulna distal Rt', '', '', 'hidden', '', 'chiro', @catID, 1, '2018-01-01 00:00:00', 3600, 1),
('medical', 'chiroNotes', 'Notes', 'Notes', 'Notes', '', '', 'textarea', '', 'chiro', @catID, 1, '2018-01-01 00:00:00', 3600, 1),
('medical', 'chiroC0', 'C0', 'C0', 'C0', '', '', 'hidden', '', 'chiro', @catID, 1, '2018-01-01 00:00:00', 3600, 1),
('medical', 'chiroC1', 'C1', 'C1', 'C1', '', '', 'hidden', '', 'chiro', @catID, 1, '2018-01-01 00:00:00', 3600, 1),
('medical', 'chiroC2', 'C2', 'C2', 'C2', '', '', 'hidden', '', 'chiro', @catID, 1, '2018-01-01 00:00:00', 3600, 1),
('medical', 'chiroC3', 'C3', 'C3', 'C3', '', '', 'hidden', '', 'chiro', @catID, 1, '2018-01-01 00:00:00', 3600, 1),
('medical', 'chiroC4', 'C4', 'C4', 'C4', '', '', 'hidden', '', 'chiro', @catID, 1, '2018-01-01 00:00:00', 3600, 1),
('medical', 'chiroC5', 'C5', 'C5', 'C5', '', '', 'hidden', '', 'chiro', @catID, 1, '2018-01-01 00:00:00', 3600, 1),
('medical', 'chiroC6', 'C6', 'C6', 'C6', '', '', 'hidden', '', 'chiro', @catID, 1, '2018-01-01 00:00:00', 3600, 1),
('medical', 'chiroC7', 'C7', 'C7', 'C7', '', '', 'hidden', '', 'chiro', @catID, 1, '2018-01-01 00:00:00', 3600, 1),
('medical', 'chiroT1', 'T1', 'T1', 'T1', '', '', 'hidden', '', 'chiro', @catID, 1, '2018-01-01 00:00:00', 3600, 1),
('medical', 'chiroT2', 'T2', 'T2', 'T2', '', '', 'hidden', '', 'chiro', @catID, 1, '2018-01-01 00:00:00', 3600, 1),
('medical', 'chiroT3', 'T3', 'T3', 'T3', '', '', 'hidden', '', 'chiro', @catID, 1, '2018-01-01 00:00:00', 3600, 1),
('medical', 'chiroT4', 'T4', 'T4', 'T4', '', '', 'hidden', '', 'chiro', @catID, 1, '2018-01-01 00:00:00', 3600, 1),
('medical', 'chiroT5', 'T5', 'T5', 'T5', '', '', 'hidden', '', 'chiro', @catID, 1, '2018-01-01 00:00:00', 3600, 1),
('medical', 'chiroT6', 'T6', 'T6', 'T6', '', '', 'hidden', '', 'chiro', @catID, 1, '2018-01-01 00:00:00', 3600, 1),
('medical', 'chiroT7', 'T7', 'T7', 'T7', '', '', 'hidden', '', 'chiro', @catID, 1, '2018-01-01 00:00:00', 3600, 1),
('medical', 'chiroT8', 'T8', 'T8', 'T8', '', '', 'hidden', '', 'chiro', @catID, 1, '2018-01-01 00:00:00', 3600, 1),
('medical', 'chiroT9', 'T9', 'T9', 'T9', '', '', 'hidden', '', 'chiro', @catID, 1, '2018-01-01 00:00:00', 3600, 1),
('medical', 'chiroT10', 'T10', 'T10', 'T10', '', '', 'hidden', '', 'chiro', @catID, 1, '2018-01-01 00:00:00', 3600, 1),
('medical', 'chiroT11', 'T11', 'T11', 'T11', '', '', 'hidden', '', 'chiro', @catID, 1, '2018-01-01 00:00:00', 3600, 1),
('medical', 'chiroT12', 'T12', 'T12', 'T12', '', '', 'hidden', '', 'chiro', @catID, 1, '2018-01-01 00:00:00', 3600, 1),
('medical', 'chiroK1_Lt', 'K1 Lt', 'K1 Lt', 'K1 Lt', '', '', 'hidden', '', 'chiro', @catID, 1, '2018-01-01 00:00:00', 3600, 1),
('medical', 'chiroK1_Rt', 'K1 Rt', 'K1 Rt', 'K1 Rt', '', '', 'hidden', '', 'chiro', @catID, 1, '2018-01-01 00:00:00', 3600, 1),
('medical', 'chiroK2_Lt', 'K2 Lt', 'K2 Lt', 'K2 Lt', '', '', 'hidden', '', 'chiro', @catID, 1, '2018-01-01 00:00:00', 3600, 1),
('medical', 'chiroK2_Rt', 'K2 Rt', 'K2 Rt', 'K2 Rt', '', '', 'hidden', '', 'chiro', @catID, 1, '2018-01-01 00:00:00', 3600, 1),
('medical', 'chiroK3_Lt', 'K3 Lt', 'K3 Lt', 'K3 Lt', '', '', 'hidden', '', 'chiro', @catID, 1, '2018-01-01 00:00:00', 3600, 1),
('medical', 'chiroK3_Rt', 'K3 Rt', 'K3 Rt', 'K3 Rt', '', '', 'hidden', '', 'chiro', @catID, 1, '2018-01-01 00:00:00', 3600, 1),
('medical', 'chiroK4_Lt', 'K4 Lt', 'K4 Lt', 'K4 Lt', '', '', 'hidden', '', 'chiro', @catID, 1, '2018-01-01 00:00:00', 3600, 1),
('medical', 'chiroK4_Rt', 'K4 Rt', 'K4 Rt', 'K4 Rt', '', '', 'hidden', '', 'chiro', @catID, 1, '2018-01-01 00:00:00', 3600, 1),
('medical', 'chiroK5_Lt', 'K5 Lt', 'K5 Lt', 'K5 Lt', '', '', 'hidden', '', 'chiro', @catID, 1, '2018-01-01 00:00:00', 3600, 1),
('medical', 'chiroK5_Rt', 'K5 Rt', 'K5 Rt', 'K5 Rt', '', '', 'hidden', '', 'chiro', @catID, 1, '2018-01-01 00:00:00', 3600, 1),
('medical', 'chiroK6_Lt', 'K6 Lt', 'K6 Lt', 'K6 Lt', '', '', 'hidden', '', 'chiro', @catID, 1, '2018-01-01 00:00:00', 3600, 1),
('medical', 'chiroK6_Rt', 'K6 Rt', 'K6 Rt', 'K6 Rt', '', '', 'hidden', '', 'chiro', @catID, 1, '2018-01-01 00:00:00', 3600, 1),
('medical', 'chiroK7_Lt', 'K7 Lt', 'K7 Lt', 'K7 Lt', '', '', 'hidden', '', 'chiro', @catID, 1, '2018-01-01 00:00:00', 3600, 1),
('medical', 'chiroK7_Rt', 'K7 Rt', 'K7 Rt', 'K7 Rt', '', '', 'hidden', '', 'chiro', @catID, 1, '2018-01-01 00:00:00', 3600, 1),
('medical', 'chiroK8_Lt', 'K8 Lt', 'K8 Lt', 'K8 Lt', '', '', 'hidden', '', 'chiro', @catID, 1, '2018-01-01 00:00:00', 3600, 1),
('medical', 'chiroK8_Rt', 'K8 Rt', 'K8 Rt', 'K8 Rt', '', '', 'hidden', '', 'chiro', @catID, 1, '2018-01-01 00:00:00', 3600, 1),
('medical', 'chiroK9_Lt', 'K9 Lt', 'K9 Lt', 'K9 Lt', '', '', 'hidden', '', 'chiro', @catID, 1, '2018-01-01 00:00:00', 3600, 1),
('medical', 'chiroK9_Rt', 'K9 Rt', 'K9 Rt', 'K9 Rt', '', '', 'hidden', '', 'chiro', @catID, 1, '2018-01-01 00:00:00', 3600, 1),
('medical', 'chiroK10_Lt', 'K10 Lt', 'K10 Lt', 'K10 Lt', '', '', 'hidden', '', 'chiro', @catID, 1, '2018-01-01 00:00:00', 3600, 1),
('medical', 'chiroK10_Rt', 'K10 Rt', 'K10 Rt', 'K10 Rt', '', '', 'hidden', '', 'chiro', @catID, 1, '2018-01-01 00:00:00', 3600, 1),
('medical', 'chiroK11_Lt', 'K11 Lt', 'K11 Lt', 'K11 Lt', '', '', 'hidden', '', 'chiro', @catID, 1, '2018-01-01 00:00:00', 3600, 1),
('medical', 'chiroK11_Rt', 'K11 Rt', 'K11 Rt', 'K11 Rt', '', '', 'hidden', '', 'chiro', @catID, 1, '2018-01-01 00:00:00', 3600, 1),
('medical', 'chiroK12_Lt', 'K12 Lt', 'K12 Lt', 'K12 Lt', '', '', 'hidden', '', 'chiro', @catID, 1, '2018-01-01 00:00:00', 3600, 1),
('medical', 'chiroK12_Rt', 'K12 Rt', 'K12 Rt', 'K12 Rt', '', '', 'hidden', '', 'chiro', @catID, 1, '2018-01-01 00:00:00', 3600, 1),
('medical', 'chiroL1', 'L1', 'L1', 'L1', '', '', 'hidden', '', 'chiro', @catID, 1, '2018-01-01 00:00:00', 3600, 1),
('medical', 'chiroL2', 'L2', 'L2', 'L2', '', '', 'hidden', '', 'chiro', @catID, 1, '2018-01-01 00:00:00', 3600, 1),
('medical', 'chiroL3', 'L3', 'L3', 'L3', '', '', 'hidden', '', 'chiro', @catID, 1, '2018-01-01 00:00:00', 3600, 1),
('medical', 'chiroL4', 'L4', 'L4', 'L4', '', '', 'hidden', '', 'chiro', @catID, 1, '2018-01-01 00:00:00', 3600, 1),
('medical', 'chiroL5', 'L5', 'L5', 'L5', '', '', 'hidden', '', 'chiro', @catID, 1, '2018-01-01 00:00:00', 3600, 1),
('medical', 'chiroCoccyx', 'Coccyx', 'Coccyx', 'Coccyx', '', '', 'hidden', '', 'chiro', @catID, 1, '2018-01-01 00:00:00', 3600, 1);

SET @catID = (SELECT forms_cat.id FROM forms_cat WHERE forms_cat.name='systemForm');
INSERT IGNORE INTO `forms` (`module`, `internalName`, `name`, `description`, `dataset`, `groupe`, `formMethod`, `formAction`, `cat`, `type`, `yamlStructure`, `printModel`) VALUES
('chiro', 'chiroReglement', 'Formulaire règlement', 'formulaire pour le règlement', 'data_types', 'reglement', 'post', '/patient/ajax/saveReglementForm/', @catID, 'public', 'structure:\r\n row1:\r\n  col1: \r\n    size: 4\r\n    bloc: \r\n      - chiroRegleTarifCejour,readonly,plus={€},class=regleTarifCejour  		#499  Tarif\n  col2: \r\n    size: 4\r\n    bloc: \r\n      - regleDepaCejour,plus={€},class=regleDepaCejour                 		#199  Dépassement\n  col3: \r\n    size: 4\r\n    bloc: \r\n      - regleFacture,readonly,plus={€},class=regleFacture           		#196  Facturé\n row2:\r\n  col1: \r\n    size: 4\r\n    bloc: \r\n      - regleCB,plus={€},class=regleCB                         		#194  CB\n  col2: \r\n    size: 4\r\n    bloc: \r\n      - regleCheque,plus={€},class=regleCheque                     		#193  Chèque\n  col3: \r\n    size: 4\r\n    bloc: \r\n      - regleEspeces,plus={€},class=regleEspeces                    		#195  Espèces\n row3:\r\n  col1: \r\n    size: 6\r\n    bloc: \r\n      - regleIdentiteCheque,class=regleIdentiteCheque                        		#205  Identité payeur', '');

SET @catID = (SELECT forms_cat.id FROM forms_cat WHERE forms_cat.name='formATCD');
INSERT IGNORE INTO `forms` (`module`, `internalName`, `name`, `description`, `dataset`, `groupe`, `formMethod`, `formAction`, `cat`, `type`, `yamlStructure`, `options`, `printModel`, `cda`, `javascript`) VALUES
('chiro', 'chiroATCD', 'Formulaire latéral chiro écran patient principal (atcd)', 'formulaire en colonne latéral du dossier patient (atcd)', 'data_types', 'medical', 'post', NULL, @catID, 'public', 'structure:\r\n  row1:                              # 1re rangée\r\n    col1:                            # 1re colonne  \r\n      size: 12 col-12 col-sm-4 col-lg-4\r\n      bloc:                          # Types utilisés\r\n        - poids,plusg={<i class=\"fa fa-clone duplicate\"></i>},plus={kg},class=text-right 		#34   Poids\n    col2:                            # 2e colonne  \r\n      size: 12 col-12 col-sm-4 col-lg-4\r\n      bloc:                          # Types utilisés\r\n        - taillePatient,plusg={<i class=\"fa fa-clone duplicate\"></i>},plus={cm},class=text-right 		#35   Taille\n    col3:                            # 3e colonne  \r\n      size: 12 col-12 col-sm-4 col-lg-4\r\n      bloc:                          # Types utilisés\r\n        - imc,readonly,plus={kg/m²},class=text-right 		#43   IMC\n  row2:                              # 2e rangée\r\n    col1:                            # 1re colonne  \r\n      size: 12\r\n      bloc:                          # Types utilisés\r\n        - job                                      		#19   Activité professionnelle\n        - chiroSports,rows=2                       		#1397 Sports & Activités\n        - chiroAtcdTraitements,rows=2              		#1395 Médicaments / Compléments alimentaires\n        - chiroAccidents,rows=2                    		#1396 Accidents et Traumas\n        - allergies,rows=2                         		#66   Allergies\n        - toxiques                                 		#42   Toxiques\n  row3:                              # 3e rangée\r\n    col1:                            # 1re colonne  \r\n      size: 12\r\n      bloc:                          # Types utilisés\r\n        - chiroAtcdNMS,rows=2                      		#1393 Antécédents neuro-musculo-squelettiques\n        - chiroAtcdChir,rows=2                     		#1394 Antécédents chirurgicaux\n        - chiroAtcdPerso,rows=2                    		#1392 Antécédents médicaux\n        - atcdFamiliaux,rows=2                     		#38   Antécédents familiaux', NULL, NULL, NULL, '$(document).ready(function() {\r\n\r\n  //calcul IMC\r\n  if ($(\'#id_imc_id\').length > 0) {\r\n\r\n    imc = imcCalc($(\'#id_poids_id\').val(), $(\'#id_taillePatient_id\').val());\r\n    if (imc > 0) {\r\n      $(\'#id_imc_id\').val(imc);\r\n    }\r\n\r\n    $(\"#patientLatCol\").on(\"keyup\", \"#id_poids_id , #id_taillePatient_id\", function() {\r\n      poids = $(\'#id_poids_id\').val();\r\n      taille = $(\'#id_taillePatient_id\').val();\r\n      imc = imcCalc(poids, taille);\r\n      $(\'#id_imc_id\').val(imc);\r\n      patientID = $(\'#identitePatient\').attr(\"data-patientID\");\r\n      setPeopleDataByTypeName(imc, patientID, \'imc\', \'#id_imc_id\', \'0\');\r\n\r\n    });\r\n  }\r\n\r\n  //autoresize\r\n  autosize($(\'#formName_chiroATCD textarea\'));\r\n\r\n});');



SET @catID = (SELECT forms_cat.id FROM forms_cat WHERE forms_cat.name='formCS');
INSERT IGNORE INTO `forms` (`module`, `internalName`, `name`, `description`, `dataset`, `groupe`, `formMethod`, `formAction`, `cat`, `type`, `yamlStructure`, `options`, `printModel`, `cda`, `javascript`) VALUES
('chiro', 'chiroConsult', 'Formulaire CS', 'formulaire de consultation chiro', 'data_types', 'medical', 'post', '/patient/ajax/saveCsForm/ignoreEmpty/', @catID, 'public', 'global:\r\n  formClass: \'chiroCS hide\' \r\nstructure:\r\n####### INTRODUCTION ######\r\n  row1:\r\n    head: \'Diagnostic\'\r\n    col1:                              \r\n      size: 12\r\n      bloc:                          \r\n        - chiroDiagnostic,nolabel                  		#1399 \n  row2:                              \r\n    class: \'chiroEvolSym\'\r\n    head: \'Évolution & Symptômes\'\r\n    col1:                              \r\n      size: 12\r\n      bloc:                          \r\n        - chiroEvolSym,nolabel,rows=4              		#1398 \n  row3:\r\n    class: \'chiroTArray\'\r\n    col1:\r\n      size: 6\r\n      bloc:\r\n         - chiroMusculaire                         		#1400 Musculaire\n         - chiroAK                                 		#1402 AK\n         - chiroNET                                		#1404 NET\n         - chiroThompson                           		#1406 Thompson\n         - chiroTapeStrap                          		#1408 Tape/Strap\n         - chiroExtrem                             		#1414 Extrémités\n    col2:\r\n      size: 6\r\n      bloc:\r\n         - chiroCranien                            		#1401 Cranien\n         - chiroTBM                                		#1403 TBM\n         - chiroWhitesonNot                        		#1405 Whiteson/NOT\n         - chiroActivator                          		#1407 Activator\n         - chiroHIO                                		#1409 HIO\n         - label{SOT}                             		\n         - chiroSOTCat1                            		#1411 Cat I\n         - chiroSOTCat2                            		#1412 Cat II\n         - chiroSOTCat3                            		#1413 Cat III\n  row4:\r\n    class: \'chiroAutres\'\r\n    col1:\r\n      size: 12\r\n      bloc:\r\n         - chiroAutres                             		#1410 Autres\n  row5:\r\n    class: \'chiroNotes\'\r\n    col1:\r\n      size: 12\r\n      bloc:\r\n        - chiroNotes,nolabel,rows=8                		#1547 Notes\n  row6:\r\n    class: \'chiroVArray\'\r\n    col1:                              \r\n      size: 12\r\n      bloc:\r\n        - template{chiroConsult}                  		\n        - chiroCuneiforme_I_Lt,nolabel             		#1527 Cunéïforme I Lt\n        - chiroCuneiforme_I_Rt,nolabel             		#1528 Cunéïforme I Rt\n        - chiroCuneiforme_II_Lt,nolabel            		#1526 Cunéïforme II Lt\n        - chiroCuneiforme_II_Rt,nolabel            		#1525 Cunéïforme II Rt\n        - chiroCuneiforme_III_Lt,nolabel           		#1524 Cunéïforme III Lt\n        - chiroCuneiforme_III_Rt,nolabel           		#1522 Cunéïforme III Rt\n        - chiroCalcaneum_Lt,nolabel                		#1523 Calcanéum Lt\n        - chiroCalcaneum_Rt,nolabel                		#1521 Calcanéum Rt\n        - chiroCapitatum_Lt,nolabel                		#1520 Capitatum Lt\n        - chiroCapitatum_Rt,nolabel                		#1519 Capitatum Rt\n        - chiroCuboide_Lt,nolabel                  		#1518 Cuboïde Lt\n        - chiroCuboide_Rt,nolabel                  		#1517 Cuboïde Rt\n        - chiroHamatum_Lt,nolabel                  		#1516 Hamatum Lt\n        - chiroHamatum_Rt,nolabel                  		#1515 Hamatum Rt\n        - chiroIlium_Lt,nolabel                    		#1512 Ilium Lt\n        - chiroIlium_Rt,nolabel                    		#1513 Ilium Rt\n        - chiroLunatum_Lt,nolabel                  		#1514 Lunatum Lt\n        - chiroLunatum_Rt,nolabel                  		#1510 Lunatum Rt\n        - chiroMetacarpe_I_Lt,nolabel              		#1511 Métacarpe I Lt\n        - chiroMetacarpe_I_Rt,nolabel              		#1509 Métacarpe I Rt\n        - chiroMetacarpe_II_Lt,nolabel             		#1507 Métacarpe II Lt\n        - chiroMetacarpe_II_Rt,nolabel             		#1508 Métacarpe II Rt\n        - chiroMetacarpe_III_Lt,nolabel            		#1506 Métacarpe III Lt\n        - chiroMetacarpe_III_Rt,nolabel            		#1505 Métacarpe III Rt\n        - chiroMetacarpe_IV_Lt,nolabel             		#1417 Métacarpe IV Lt\n        - chiroMetacarpe_IV_Rt,nolabel             		#1418 Métacarpe IV Rt\n        - chiroMetacarpe_V_Lt,nolabel              		#1419 Métacarpe V Lt\n        - chiroMetacarpe_V_Rt,nolabel              		#1504 Métacarpe V Rt\n        - chiroNaviculaire_Lt,nolabel              		#1503 Naviculaire Lt\n        - chiroNaviculaire_Rt,nolabel              		#1502 Naviculaire Rt\n        - chiroP1_I_Lt,nolabel                     		#1501 P1 I Lt\n        - chiroP1_I_Rt,nolabel                     		#1500 P1 I Rt\n        - chiroP1_II_Lt,nolabel                    		#1499 P1 II Lt\n        - chiroP1_II_Rt,nolabel                    		#1498 P1 II Rt\n        - chiroP1_III_Lt,nolabel                   		#1496 P1 III Lt\n        - chiroP1_III_Rt,nolabel                   		#1497 P1 III Rt\n        - chiroP1_IV_Lt,nolabel                    		#1494 P1 IV Lt\n        - chiroP1_IV_Rt,nolabel                    		#1495 P1 IV Rt\n        - chiroP1_V_Lt,nolabel                     		#1490 P1 V Lt\n        - chiroP1_V_Rt,nolabel                     		#1489 P1 V Rt\n        - chiroP2_I_Lt,nolabel                     		#1488 P2 I Lt\n        - chiroP2_I_Rt,nolabel                     		#1487 P2 I Rt\n        - chiroP2_II_Lt,nolabel                    		#1486 P2 II Lt\n        - chiroP2_II_Rt,nolabel                    		#1485 P2 II Rt\n        - chiroP2_III_Lt,nolabel                   		#1484 P2 III Lt\n        - chiroP2_III_Rt,nolabel                   		#1483 P2 III Rt\n        - chiroP2_IV_Lt,nolabel                    		#1482 P2 IV Lt\n        - chiroP2_IV_Rt,nolabel                    		#1481 P2 IV Rt\n        - chiroP2_V_Lt,nolabel                     		#1480 P2 V Lt\n        - chiroP2_V_Rt,nolabel                     		#1479 P2 V Rt\n        - chiroP3_II_Lt,nolabel                    		#1478 P3 II Lt\n        - chiroP3_II_Rt,nolabel                    		#1477 P3 II Rt\n        - chiroP3_III_Lt,nolabel                   		#1476 P3 III Lt\n        - chiroP3_III_Rt,nolabel                   		#1475 P3 III Rt\n        - chiroP3_IV_Lt,nolabel                    		#1422 P3 IV Lt\n        - chiroP3_IV_Rt,nolabel                    		#1423 P3 IV Rt\n        - chiroP3_V_Lt,nolabel                     		#1424 P3 V Lt\n        - chiroP3_V_Rt,nolabel                     		#1425 P3 V Rt\n        - chiro_p1_I_Lt,nolabel                    		#1426 p1 I Lt\n        - chiro_p1_I_Rt,nolabel                    		#1427 p1 I Rt\n        - chiro_p1_II_Lt,nolabel                   		#1428 p1 II Lt\n        - chiro_p1_II_Rt,nolabel                   		#1429 p1 II Rt\n        - chiro_p1_III_Lt,nolabel                  		#1430 p1 III Lt\n        - chiro_p1_III_Rt,nolabel                  		#1431 p1 III Rt\n        - chiro_p1_IV_Lt,nolabel                   		#1432 p1 IV Lt\n        - chiro_p1_IV_Rt,nolabel                   		#1433 p1 IV Rt\n        - chiro_p1_V_Lt,nolabel                    		#1434 p1 V Lt\n        - chiro_p1_V_Rt,nolabel                    		#1435 p1 V Rt\n        - chiro_p2_I_Lt,nolabel                    		#1436 p2 I Lt\n        - chiro_p2_I_Rt,nolabel                    		#1437 p2 I Rt\n        - chiro_p2_II_Lt,nolabel                   		#1438 p2 II Lt\n        - chiro_p2_II_Rt,nolabel                   		#1439 p2 II Rt\n        - chiro_p2_III_Lt,nolabel                  		#1440 p2 III Lt\n        - chiro_p2_III_Rt,nolabel                  		#1441 p2 III Rt\n        - chiro_p2_IV_Lt,nolabel                   		#1442 p2 IV Lt\n        - chiro_p2_IV_Rt,nolabel                   		#1443 p2 IV Rt\n        - chiro_p2_V_Lt,nolabel                    		#1444 p2 V Lt\n        - chiro_p2_V_Rt,nolabel                    		#1445 p2 V Rt\n        - chiroPatella_Lt,nolabel                  		#1446 Patella Lt\n        - chiroPatella_Rt,nolabel                  		#1447 Patella Rt\n        - chiroPisiforme_Lt,nolabel                		#1448 Pisiforme Lt\n        - chiroPisiforme_Rt,nolabel                		#1449 Pisiforme Rt\n        - chiroSacrum,nolabel                      		#1450 Sacrum\n        - chiroScaphoide_Lt,nolabel                		#1451 Scaphoïde Lt\n        - chiroScaphoide_Rt,nolabel                		#1452 Scaphoïde Rt\n        - chiroScapula_Lt,nolabel                  		#1453 Scapula Lt\n        - chiroScapula_Rt,nolabel                  		#1454 Scapula Rt\n        - chiroTalus_Lt,nolabel                    		#1455 Talus Lt\n        - chiroTalus_Rt,nolabel                    		#1421 Talus Rt\n        - chiroTibia_Lt,nolabel                    		#1420 Tibia Lt\n        - chiroTibia_Rt,nolabel                    		#1474 Tibia Rt\n        - chiroTrapezium_Lt,nolabel                		#1473 Trapezium Lt\n        - chiroTrapezium_Rt,nolabel                		#1472 Trapezium Rt\n        - chiroTrapezoide_Lt,nolabel               		#1471 Trapézoïde Lt\n        - chiroTrapezoide_Rt,nolabel               		#1470 Trapézoïde Rt\n        - chiroTriquetrum_Lt,nolabel               		#1469 Triquetrum Lt\n        - chiroTriquetrum_Rt,nolabel               		#1468 Triquetrum Rt\n        - chiroMetatarse_I_Lt,nolabel              		#1467 Métatarse I Lt\n        - chiroMetatarse_I_Rt,nolabel              		#1466 Métatarse I Rt\n        - chiroMetatarse_II_Lt,nolabel             		#1465 Métatarse II Lt\n        - chiroMetatarse_II_Rt,nolabel             		#1464 Métatarse II Rt\n        - chiroMetatarse_III_Lt,nolabel            		#1463 Métatarse III Lt\n        - chiroMetatarse_III_Rt,nolabel            		#1462 Métatarse III Rt\n        - chiroMetatarse_IV_Lt,nolabel             		#1461 Métatarse IV Lt\n        - chiroMetatarse_IV_Rt,nolabel             		#1460 Métatarse IV Rt\n        - chiroMetatarse_V_Lt,nolabel              		#1459 Métatarse V Lt\n        - chiroMetatarse_V_Rt,nolabel              		#1458 Métatarse V Rt\n        - chiroMetatarso_phalangienne_Lt,nolabel   		#1457 Métatarso-phalangienne Lt\n        - chiroMetatarso_phalangienne_Rt,nolabel   		#1456 Métatarso-phalangienne Rt\n        - chiroTibio_fibulaire_distale_Lt,nolabel  		#1415 Tibio-fibulaire distale Lt\n        - chiroTibio_fibulaire_distale_Rt,nolabel  		#1416 Tibio-fibulaire distale Rt\n        - chiroATM_Lt,nolabel                      		#1493 ATM Lt\n        - chiroATM_Rt,nolabel                      		#1492 ATM Rt\n        - chiroSterno_claviculaire_Lt,nolabel      		#1491 Sterno-claviculaire Lt\n        - chiroSterno_claviculaire_Rt,nolabel      		#1529 Sterno-claviculaire Rt\n        - chiroAcromio_claviculaire_Lt,nolabel     		#1530 Acromio-claviculaire Lt\n        - chiroAcromio_claviculaire_Rt,nolabel     		#1531 Acromio-claviculaire Rt\n        - chiroGleno_humerale_Lt,nolabel           		#1532 Gléno-humérale Lt\n        - chiroGleno_humerale_Rt,nolabel           		#1533 Gléno-humérale Rt\n        - chiroTete_radiale_Lt,nolabel             		#1534 Tête radiale Lt\n        - chiroTete_radiale_Rt,nolabel             		#1535 Tête radiale Rt\n        - chiroUlna_proximal_Lt,nolabel            		#1536 Ulna proximal Lt\n        - chiroUlna_proximal_Rt,nolabel            		#1537 Ulna proximal Rt\n        - chiroFemoro_acetabulaire_Lt,nolabel      		#1538 Fémoro-acétabulaire Lt\n        - chiroFemoro_acetabulaire_Rt,nolabel      		#1539 Fémoro-acétabulaire Rt\n        - chiroTibio_fibulaire_prox_Lt,nolabel     		#1540 Tibio-fibulaire prox Lt\n        - chiroTibio_fibulaire_prox_Rt,nolabel     		#1541 Tibio-fibulaire prox Rt\n        - chiroSymphyse,nolabel                    		#1542 Symphyse\n        - chiroStyloide_radiale_Lt,nolabel         		#1543 Styloïde radiale Lt\n        - chiroStyloide_radiale_Rt,nolabel         		#1544 Styloïde radiale Rt\n        - chiroUlna_distal_Lt,nolabel              		#1545 Ulna distal Lt\n        - chiroUlna_distal_Rt,nolabel              		#1546 Ulna distal Rt\n        - chiroC0,nolabel                          		#1548 C0\n        - chiroC1,nolabel                          		#1549 C1\n        - chiroC2,nolabel                          		#1550 C2\n        - chiroC3,nolabel                          		#1551 C3\n        - chiroC4,nolabel                          		#1552 C4\n        - chiroC5,nolabel                          		#1553 C5\n        - chiroC6,nolabel                          		#1554 C6\n        - chiroC7,nolabel                          		#1555 C7\n        - chiroT1,nolabel                          		#1556 T1\n        - chiroT2,nolabel                          		#1557 T2\n        - chiroT3,nolabel                          		#1558 T3\n        - chiroT4,nolabel                          		#1559 T4\n        - chiroT5,nolabel                          		#1560 T5\n        - chiroT6,nolabel                          		#1561 T6\n        - chiroT7,nolabel                          		#1562 T7\n        - chiroT8,nolabel                          		#1563 T8\n        - chiroT9,nolabel                          		#1564 T9\n        - chiroT10,nolabel                         		#1565 T10\n        - chiroT11,nolabel                         		#1566 T11\n        - chiroT12,nolabel                         		#1567 T12\n        - chiroK1_Lt,nolabel                       		#1568 K1 Lt\n        - chiroK1_Rt,nolabel                       		#1569 K1 Rt\n        - chiroK2_Lt,nolabel                       		#1570 K2 Lt\n        - chiroK2_Rt,nolabel                       		#1571 K2 Rt\n        - chiroK3_Lt,nolabel                       		#1572 K3 Lt\n        - chiroK3_Rt,nolabel                       		#1573 K3 Rt\n        - chiroK4_Lt,nolabel                       		#1574 K4 Lt\n        - chiroK4_Rt,nolabel                       		#1575 K4 Rt\n        - chiroK5_Lt,nolabel                       		#1576 K5 Lt\n        - chiroK5_Rt,nolabel                       		#1577 K5 Rt\n        - chiroK6_Lt,nolabel                       		#1578 K6 Lt\n        - chiroK6_Rt,nolabel                       		#1579 K6 Rt\n        - chiroK7_Lt,nolabel                       		#1580 K7 Lt\n        - chiroK7_Rt,nolabel                       		#1581 K7 Rt\n        - chiroK8_Lt,nolabel                       		#1582 K8 Lt\n        - chiroK8_Rt,nolabel                       		#1583 K8 Rt\n        - chiroK9_Lt,nolabel                       		#1584 K9 Lt\n        - chiroK9_Rt,nolabel                       		#1585 K9 Rt\n        - chiroK10_Lt,nolabel                      		#1586 K10 Lt\n        - chiroK10_Rt,nolabel                      		#1587 K10 Rt\n        - chiroK11_Lt,nolabel                      		#1588 K11 Lt\n        - chiroK11_Rt,nolabel                      		#1589 K11 Rt\n        - chiroK12_Lt,nolabel                      		#1590 K12 Lt\n        - chiroK12_Rt,nolabel                      		#1591 K12 Rt\n        - chiroL1,nolabel                          		#1592 L1\n        - chiroL2,nolabel                          		#1593 L2\n        - chiroL3,nolabel                          		#1594 L3\n        - chiroL4,nolabel                          		#1595 L4\n        - chiroL5,nolabel                          		#1596 L5\n        - chiroCoccyx,nolabel                      		#1597 Coccyx', NULL, 'csChiro', NULL, '$(document).ready(function() {\r\n\r\n  $(document).scroll(function(e){\r\n    if ($(\"#svgparent\").length)\r\n      $(\".tools\").css(\"top\", Math.min($(\"#svgparent\").height()-$(\".tools\").height()+20, Math.max(0, e.pageY+60-$(\"#svgparent\").offset().top)));\r\n  });\r\n\r\n  $(\"body\").on(\"touchstart\", \"#skeleton\", function(e){\r\n    if(e.touches.length>1)\r\n      e.stopPropagation();\r\n  });\r\n\r\n  $(\"body\").on(\"touchstart\", \"path,g,div,svg,form\", function(e){\r\n    if(e.touches.length > 1)\r\n      e.preventDefault();\r\n  });\r\n\r\n  $(\"body\").on(\"touchmove\", \"path,g,div,svg,form\", function(e){\r\n    if(e.touches.length > 1)\r\n      e.preventDefault();\r\n  });\r\n\r\n  $(\"body\").on(\"mousedown\", \".showAll\", function(){\r\n    $(\".os:not(.show),.articulation:not(.show)\").each(function(idx,el){el.className.baseVal+=\" show\"})\r\n  });\r\n  $(\"body\").on(\"mouseup\", \".showAll\", function(){\r\n    $(\".selectable,.os,.articulation\").each(function(idx,el){el.className.baseVal=el.className.baseVal.replace(\" show\", \"\")})\r\n  });\r\n\r\n  $(\"body\").on(\"click\", \".zoomFit\", function(){\r\n    svgFit(true);\r\n  });\r\n  $(window).on(\"resize\", function(){\r\n    svgFit(true);\r\n  });\r\n\r\n  $(\"body\").on(\"click\", \".menuSingle\", function (e) {\r\n    var $menu = $(\".svgMenuSingle\")\r\n      .show()\r\n      .css({left: Math.max(0, e.pageX-50), top: Math.max(0, e.pageY-50)})\r\n      .off(\'click\')\r\n      .on(\"mouseleave\", function(){\r\n        $(this).hide()\r\n        .children(\"li:nth-child(n+3)\").remove();\r\n      })\r\n      .on(\'click\', \'a\', function (e) {\r\n        e.stopImmediatePropagation();\r\n        var chk = $(this).children(\"input\").prop(\"checked\");\r\n        $(this).parent().parent().find(\"input\").prop(\"checked\", false);\r\n        $(this).children(\"input\").prop(\"checked\", !chk);\r\n        //on fixe la valeur de l\'entrée de formulaire\r\n        var $entry = $(\"input[placeholder=\'\"+$(this).attr(\'data-entry\')+\"\']\");\r\n        var value = $(this).attr(\'data-value\');\r\n        if (chk)\r\n          $entry.attr(\"value\", \"\");\r\n        else\r\n          $entry.attr(\"value\", value);\r\n        setChiroSelected($(this).attr(\'data-entry\'));\r\n      });\r\n    var title = $(this).attr(\"value\");\r\n    var items = $(this).attr(\"menu\").split(\",\");\r\n    $menu.children().first().html(title);\r\n    for (var i=0; i< items.length; i++)\r\n      $menu.append(\'<li><a tabindex=\"-1\" style=\"text-decoration:none;color:#484848\" class=\"containerCheck\" data-entry=\"\'+title\r\n      + \'\" data-value=\"\' +items[i]+\r\n      \'\">\'+items[i]+\'<input type=\"radio\"\'+($(\"input[placeholder=\'\"+title+\"\']\").attr(\"value\") == items[i] ? \' checked\' : \'\')+\r\n      \'></input><span class=\"checkmarkRadio\"></span></a></li>\');\r\n    return false;\r\n  });\r\n\r\n  $(\"body\").on(\"click\", \".menuMulti\", function (e) {\r\n    var $menu = $(\".svgMenuMulti\")\r\n      .show()\r\n      .css({left: Math.max(0, e.pageX-50), top: Math.max(0, e.pageY-50)})\r\n      .off(\'click\')\r\n      .on(\"mouseleave\", function(){\r\n        $(this).hide()\r\n        .children(\"li:nth-child(n+3)\").remove();\r\n      })\r\n      .on(\'click\', \'a\', function (e) {\r\n        e.stopImmediatePropagation();\r\n        var chk = $(this).children(\"input\").attr(\"checked\");\r\n        if (chk)\r\n          $(this).children(\"input\").removeAttr(\"checked\");\r\n        else\r\n          $(this).children(\"input\").attr(\"checked\",\"\");\r\n        //on fixe la valeur de l\'entrée de formulaire\r\n        var $entry = $(\"input[placeholder=\'\"+$(this).attr(\'data-entry\')+\"\']\");\r\n        var value = $entry.attr(\"value\");\r\n        var newValue = $(this).attr(\'data-value\');\r\n        var idx;\r\n        if (value && (idx=value.split(\",\").findIndex(function(v){return v==newValue})) >= 0)\r\n          $entry.attr(\"value\",value.split(\",\").filter(function(v,i){return i!=idx}).join());\r\n        else if (value && value != \"\")\r\n          $entry.attr(\"value\", value + \",\" + newValue);\r\n        else\r\n          $entry.attr(\"value\", newValue);\r\n        setChiroSelected($(this).attr(\'data-entry\'));\r\n      });\r\n    var title = $(this).attr(\"value\");\r\n    var items = $(this).attr(\"menu\").split(\",\");\r\n    var value = $(\"input[placeholder=\'\"+title+\"\']\").attr(\"value\");\r\n    $menu.children().first().html(title);\r\n    for (var i=0; i< items.length; i++)\r\n      $menu.append(\'<li><a tabindex=\"-1\" style=\"text-decoration:none;color:#484848\" class=\"containerCheck\" data-entry=\"\'+title\r\n      + \'\" data-value=\"\' +items[i]+\r\n      \'\">\'+items[i]+\'<input type=\"checkbox\"\'+ ((value && value.split(\",\").findIndex(function(v){return v==items[i]}) >= 0) ? \' checked\' : \'\')+\r\n      \'></input><span class=\"checkmarkCheck\"></span></a></li>\');\r\n    return false;\r\n  });\r\n\r\n  $(\"body\").on(\"click\", function(){\r\n    $(\".svgMenuSingle,.svgMenuMulti\").hide().children(\"li:nth-child(n+3)\").remove();\r\n  });\r\n\r\n  $(\"body\").on(\"click\", \".noMenu\", function(e){\r\n    e.stopImmediatePropagation();\r\n    var $entry = $(\"input[placeholder=\'\"+$(this).attr(\"value\")+\"\']\");\r\n    if ($entry.attr(\"value\") == \"true\")\r\n      $entry.attr(\"value\", \"\");\r\n    else\r\n      $entry.attr(\"value\", \"true\");\r\n    setChiroSelected($(this).attr(\"value\"));\r\n  });  \r\n\r\n  $(\"body\").on(\"mouseenter\", \".os,.articulation\", function(e){\r\n      this.className.baseVal+=\" show\";\r\n      $(\"#mousehelper\").html($(this).attr(\"value\"))\r\n      .removeClass(\"hide\").css(\"left\", (e.pageX-100)+\"px\").css(\"top\", (e.pageY-50)+\"px\");\r\n  });\r\n\r\n  $(\"body\").on(\"mouseleave\", \".show\", function(){\r\n    this.className.baseVal=this.className.baseVal.replace(\" show\", \"\");\r\n    $(\"#mousehelper:not(.hide)\").html(\"\").addClass(\"hide\");\r\n  });\r\n\r\n});');
