
-- Modifications des données de la bdd d'une version à la suivante
-- 2.0.0  to 3.0.0

INSERT INTO `system` (`name`,`groupe`,`value`) VALUES
('chiro', 'module', 'v3.0.0');

INSERT IGNORE INTO `actes_base` (`code`, `label`, `type`, `tarifs1`, `tarifs2`, `fromID`, `creationDate`) VALUES
('ECHO', 'Echographie', 'NGAP', 30, 0, 1, '2018-01-01 00:00:00'),
('chiroCS', 'Consultation chiro', 'NGAP', 50, 50, 1, '2018-01-01 00:00:00');

INSERT IGNORE INTO `actes_cat` (`name`, `label`, `description`, `module`, `fromID`, `creationDate`, `displayOrder`) VALUES
('chiroCatExam', 'Examens  module chiro', '', 'chiro', 1, '2018-01-01 00:00:00', 2),
('chiroCatConsult', 'Consultations', '', 'chiro', 1, '2018-01-01 00:00:00', 1);

INSERT INTO `data_cat` (`groupe`, `name`, `label`, `description`, `type`, `fromID`, `creationDate`) VALUES
('typecs', 'csChiro', 'Consultations chiro', 'consultations possibles', 'user', 1, '2018-01-01 00:00:00'),
('medical', 'dataCsChiro', 'Données formulaire de Cs du module chiro', '', 'user', 1, '2018-01-01 00:00:00');


UPDATE `data_types` SET name='chiroRegleTarifCejour' WHERE name='regleTarifCejour';
UPDATE `data_types` SET name='baseSynthese' WHERE name='synthese';
UPDATE `data_types` SET name='chiroSports' WHERE name='sports';
UPDATE `data_types` SET name='chiroAtcdTraitements' WHERE name='atcdTraitements';
UPDATE `data_types` SET name='chiroAccidents' WHERE name='accidents';
UPDATE `data_types` SET name='chiroDiagnostic' WHERE name='Diagnostic';
UPDATE `data_types` SET name='chiroAtcdNMS' WHERE name='atcdNMS';
UPDATE `data_types` SET name='chiroAtcdChir' WHERE name='atcdMedicChir';
UPDATE `data_types` SET name='chiroAtcdPerso' WHERE name='atcdPerso';
UPDATE `data_types` SET name='chiroTibio_fibulaire_distale_Lt'	WHERE name='chiroTibio-fibulaire_distale_Lt';
UPDATE `data_types` SET name='chiroTibio_fibulaire_distale_Rt'	WHERE name='chiroTibio-fibulaire_distale_Rt';
UPDATE `data_types` SET name='chiroTalus_Rt'	WHERE name='chiroTalus Rt';
UPDATE `data_types` SET name='chiroMetatarso_phalangienne_Rt'	WHERE name='chiroMetatarso-phalangienne_Rt';
UPDATE `data_types` SET name='chiroMetatarso_phalangienne_Lt'	WHERE name='chiroMetatarso-phalangienne_Lt';
UPDATE `data_types` SET name='chiroSterno_claviculaire_Lt'	WHERE name='chiroSterno-claviculaire_Lt';
UPDATE `data_types` SET name='chiroCapitatum_Rt'	WHERE name='chiroapitatum_Rt';
UPDATE `data_types` SET name='chiroCapitatum_Lt'	WHERE name='chiroapitatum_Lt';
UPDATE `data_types` SET name='chiroCalcaneum_Rt'	WHERE name='chiroalcaneum_Rt';
UPDATE `data_types` SET name='chiroCuneiforme_III_Rt'	WHERE name='chiroCuneiforme_III_Rt';
UPDATE `data_types` SET name='chiroCalcaneum_Lt'	WHERE name='chiroalcaneum_Lt';
UPDATE `data_types` SET name='chiroSterno_claviculaire_Rt'	WHERE name='chiroSterno-claviculaire_Rt';
UPDATE `data_types` SET name='chiroAcromio_claviculaire_Lt'	WHERE name='chiroAcromio-claviculaire_Lt';
UPDATE `data_types` SET name='chiroAcromio_claviculaire_Rt'	WHERE name='chiroAcromio-claviculaire_Rt';
UPDATE `data_types` SET name='chiroGleno_humerale_Lt'	WHERE name='chiroGléno-humerale_Lt';
UPDATE `data_types` SET name='chiroGleno_humerale_Rt'	WHERE name='chiroGléno-humerale_Rt';
UPDATE `data_types` SET name='chiroFemoro_acetabulaire_Lt'	WHERE name='chiroFemoro-acetabulaire_Lt';
UPDATE `data_types` SET name='chiroFemoro_acetabulaire_Rt'	WHERE name='chiroFemoro-acetabulaire_Rt';
UPDATE `data_types` SET name='chiroTibio_fibulaire_prox_Lt'	WHERE name='chiroTibio-fibulaire_prox_Lt';
UPDATE `data_types` SET name='chiroTibio_fibulaire_prox_Rt'	WHERE name='chiroTibio-fibulaire_prox_Rt';
UPDATE `data_types` SET name='chiroL1'	WHERE name='L1';
UPDATE `data_types` SET name='chiroL2'	WHERE name='L2';
UPDATE `data_types` SET name='chiroL3'	WHERE name='L3';
UPDATE `data_types` SET name='chiroL4'	WHERE name='L4';
UPDATE `data_types` SET name='chiroL5'	WHERE name='L5';
UPDATE `data_types` SET name='chiroCoccyx'	WHERE name='Coccyx';
UPDATE `data_types` SET formValues='baseConsult' WHERE name='csBaseGroup';
UPDATE `data_types` SET module='chiro' WHERE name LIKE 'chiro%';
UPDATE `data_types` SET module='base' WHERE name='baseSynthese';

DELETE FROM `data_types` WHERE name in ('chiroP3_I_Rt', 'chiroP3_I_Rt');

SET @catID = (SELECT data_cat.id FROM data_cat WHERE data_cat.name='csChiro');
INSERT INTO `data_types` (`groupe`, `name`, `placeholder`, `label`, `description`, `validationRules`, `validationErrorMsg`, `formType`, `formValues`, `module`, `cat`, `fromID`, `creationDate`, `durationLife`, `displayOrder`) VALUES
('typecs', 'csChiroGroup', '', 'Nouvelle consultation', 'support parent pour les consultations chiro', '', '', '', 'chiroConsult', 'chiro', @catID, 1, '2018-01-01 00:00:00', 86400, 1);
SET @oldId=(SELECT id FROM `data_types` where formValues='baseConsult');
SET @newId=(SELECT id FROM `data_types` where formValues='chiroConsult');
UPDATE `objets_data` SET typeID=@newID WHERE typeID=@oldID;

SET @catID = (SELECT data_cat.id FROM data_cat WHERE data_cat.name='reglementItems');
INSERT IGNORE INTO `data_types` (`groupe`, `name`, `placeholder`, `label`, `description`, `validationRules`, `validationErrorMsg`, `formType`, `formValues`, `module`, `cat`, `fromID`, `creationDate`, `durationLife`, `displayOrder`) VALUES
('reglement', 'regleTarifCejour', '', 'Tarif SS', 'tarif SS appliqué ce jour', '', '', 'text', '', 'base', 46, 1, '2018-01-01 00:00:00', 1576800000, 1);

SET @catID = (SELECT data_cat.id FROM data_cat WHERE data_cat.name='atcd');
INSERT IGNORE INTO `data_types` (`groupe`, `name`, `placeholder`, `label`, `description`, `validationRules`, `validationErrorMsg`, `formType`, `formValues`, `module`, `cat`, `fromID`, `creationDate`, `durationLife`, `displayOrder`) VALUES
('medical', 'atcdMedicChir', 'Antécédents médico-chirugicaux personnels', 'Antécédents médico-chirugicaux', 'Antécédents médico-chirugicaux personnels', '', '', 'textarea', '', 'base', @catID, 1, '2018-01-01 00:00:00', 3600, 1);

SET @catID = (SELECT data_cat.id FROM data_cat WHERE data_cat.name='dataCsChiro');
INSERT IGNORE INTO `data_types` (`groupe`, `name`, `placeholder`, `label`, `description`, `validationRules`, `validationErrorMsg`, `formType`, `formValues`, `module`, `cat`, `fromID`, `creationDate`, `durationLife`, `displayOrder`) VALUES
('medical', 'chiroEvolSym', 'Evolution & symptômes', '', 'Evolution & symptômes', '', '', 'textarea', '', 'chiro', @catID, 1, '2018-01-01 00:00:00', 3600, 1);

SET @catID = (SELECT forms_cat.id FROM forms_cat WHERE forms_cat.name='formCS');
UPDATE `forms` SET formAction='/patient/actions/saveCsForm/ignoreEmpty/', yamlStructure='global:\r\n  formClass: \'newCS\' \r\nstructure:\r\n####### INTRODUCTION ######\r\n  row1:\r\n    head: \'Diagnostic\'\r\n    col1:                              \r\n      size: 12\r\n      bloc:                          \r\n        - chiroDiagnostic,nolabel             		#504  \n  row2:                              \r\n    head: \'Évolution & Symptômes\'\r\n    col1:                              \r\n      size: 12\r\n      bloc:                          \r\n        - chiroEvolSym,nolabel,rows=4    		#498  \n  row3:\r\n    class: \'chiroVArray\'\r\n    col1:                              \r\n      size: 12\r\n      bloc:\r\n        - template{chiroConsult}        		\n        - chiroCuneiforme_I_Lt,nolabel   		#584  Cunéïforme I Lt\n        - chiroCuneiforme_I_Rt,nolabel   		#585  Cunéïforme I Rt\n        - chiroCuneiforme_II_Lt,nolabel  		#586  Cunéïforme II Lt\n        - chiroCuneiforme_II_Rt,nolabel  		#587  Cunéïforme II Rt\n        - chiroCuneiforme_III_Lt,nolabel 		#588  Cunéïforme III Lt\n        - chiroCuneiforme_III_Rt,nolabel 		#589  Cunéïforme III Rt\n        - chiroCalcaneum_Lt,nolabel       		#590  Calcanéum Lt\n        - chiroCalcaneum_Rt,nolabel       		#591  Calcanéum Rt\n        - chiroCapitatum_Lt,nolabel       		#592  Capitatum Lt\n        - chiroCapitatum_Rt,nolabel       		#593  Capitatum Rt\n        - chiroCuboide_Lt,nolabel        		#594  Cuboïde Lt\n        - chiroCuboide_Rt,nolabel        		#595  Cuboïde Rt\n        - chiroHamatum_Lt,nolabel        		#596  Hamatum Lt\n        - chiroHamatum_Rt,nolabel        		#597  Hamatum Rt\n        - chiroIlium_Lt,nolabel          		#598  Ilium Lt\n        - chiroIlium_Rt,nolabel          		#599  Ilium Rt\n        - chiroLunatum_Lt,nolabel        		#600  Lunatum Lt\n        - chiroLunatum_Rt,nolabel        		#601  Lunatum Rt\n        - chiroMetacarpe_I_Lt,nolabel    		#602  Métacarpe I Lt\n        - chiroMetacarpe_I_Rt,nolabel    		#603  Métacarpe I Rt\n        - chiroMetacarpe_II_Lt,nolabel   		#604  Métacarpe II Lt\n        - chiroMetacarpe_II_Rt,nolabel   		#605  Métacarpe II Rt\n        - chiroMetacarpe_III_Lt,nolabel  		#606  Métacarpe III Lt\n        - chiroMetacarpe_III_Rt,nolabel  		#607  Métacarpe III Rt\n        - chiroMetacarpe_IV_Lt,nolabel   		#608  Métacarpe IV Lt\n        - chiroMetacarpe_IV_Rt,nolabel   		#609  Métacarpe IV Rt\n        - chiroMetacarpe_V_Lt,nolabel    		#610  Métacarpe V Lt\n        - chiroMetacarpe_V_Rt,nolabel    		#611  Métacarpe V Rt\n        - chiroNaviculaire_Lt,nolabel    		#612  Naviculaire Lt\n        - chiroNaviculaire_Rt,nolabel    		#613  Naviculaire Rt\n        - chiroP1_I_Lt,nolabel           		#614  P1 I Lt\n        - chiroP1_I_Rt,nolabel           		#615  P1 I Rt\n        - chiroP1_II_Lt,nolabel          		#616  P1 II Lt\n        - chiroP1_II_Rt,nolabel          		#617  P1 II Rt\n        - chiroP1_III_Lt,nolabel         		#618  P1 III Lt\n        - chiroP1_III_Rt,nolabel         		#619  P1 III Rt\n        - chiroP1_IV_Lt,nolabel          		#620  P1 IV Lt\n        - chiroP1_IV_Rt,nolabel          		#621  P1 IV Rt\n        - chiroP1_V_Lt,nolabel           		#622  P1 V Lt\n        - chiroP1_V_Rt,nolabel           		#623  P1 V Rt\n        - chiroP2_I_Lt,nolabel           		#624  P2 I Lt\n        - chiroP2_I_Rt,nolabel           		#625  P2 I Rt\n        - chiroP2_II_Lt,nolabel          		#626  P2 II Lt\n        - chiroP2_II_Rt,nolabel          		#627  P2 II Rt\n        - chiroP2_III_Lt,nolabel         		#628  P2 III Lt\n        - chiroP2_III_Rt,nolabel         		#629  P2 III Rt\n        - chiroP2_IV_Lt,nolabel          		#630  P2 IV Lt\n        - chiroP2_IV_Rt,nolabel          		#631  P2 IV Rt\n        - chiroP2_V_Lt,nolabel           		#632  P2 V Lt\n        - chiroP2_V_Rt,nolabel           		#633  P2 V Rt\n        - chiroP3_II_Lt,nolabel          		#636  P3 II Lt\n        - chiroP3_II_Rt,nolabel          		#637  P3 II Rt\n        - chiroP3_III_Lt,nolabel         		#638  P3 III Lt\n        - chiroP3_III_Rt,nolabel         		#639  P3 III Rt\n        - chiroP3_IV_Lt,nolabel          		#640  P3 IV Lt\n        - chiroP3_IV_Rt,nolabel          		#641  P3 IV Rt\n        - chiroP3_V_Lt,nolabel           		#642  P3 V Lt\n        - chiroP3_V_Rt,nolabel           		#643  P3 V Rt\n        - chiro_p1_I_Lt,nolabel          		#644  p1 I Lt\n        - chiro_p1_I_Rt,nolabel          		#645  p1 I Rt\n        - chiro_p1_II_Lt,nolabel         		#646  p1 II Lt\n        - chiro_p1_II_Rt,nolabel         		#647  p1 II Rt\n        - chiro_p1_III_Lt,nolabel        		#648  p1 III Lt\n        - chiro_p1_III_Rt,nolabel        		#649  p1 III Rt\n        - chiro_p1_IV_Lt,nolabel         		#650  p1 IV Lt\n        - chiro_p1_IV_Rt,nolabel         		#651  p1 IV Rt\n        - chiro_p1_V_Lt,nolabel          		#652  p1 V Lt\n        - chiro_p1_V_Rt,nolabel          		#653  p1 V Rt\n        - chiro_p2_I_Lt,nolabel          		#654  p2 I Lt\n        - chiro_p2_I_Rt,nolabel          		#655  p2 I Rt\n        - chiro_p2_II_Lt,nolabel         		#656  p2 II Lt\n        - chiro_p2_II_Rt,nolabel         		#657  p2 II Rt\n        - chiro_p2_III_Lt,nolabel        		#658  p2 III Lt\n        - chiro_p2_III_Rt,nolabel        		#659  p2 III Rt\n        - chiro_p2_IV_Lt,nolabel         		#660  p2 IV Lt\n        - chiro_p2_IV_Rt,nolabel         		#661  p2 IV Rt\n        - chiro_p2_V_Lt,nolabel          		#662  p2 V Lt\n        - chiro_p2_V_Rt,nolabel          		#663  p2 V Rt\n        - chiroPatella_Lt,nolabel        		#664  Patella Lt\n        - chiroPatella_Rt,nolabel        		#665  Patella Rt\n        - chiroPisiforme_Lt,nolabel      		#666  Pisiforme Lt\n        - chiroPisiforme_Rt,nolabel      		#667  Pisiforme Rt\n        - chiroSacrum,nolabel            		#668  Sacrum\n        - chiroScaphoide_Lt,nolabel      		#669  Scaphoïde Lt\n        - chiroScaphoide_Rt,nolabel      		#670  Scaphoïde Rt\n        - chiroScapula_Lt,nolabel        		#671  Scapula Lt\n        - chiroScapula_Rt,nolabel        		#672  Scapula Rt\n        - chiroTalus_Lt,nolabel          		#673  Talus Lt\n        - chiroTalus_Rt,nolabel          		#674  Talus Rt\n        - chiroTibia_Lt,nolabel          		#675  Tibia Lt\n        - chiroTibia_Rt,nolabel          		#676  Tibia Rt\n        - chiroTrapezium_Lt,nolabel      		#677  Trapezium Lt\n        - chiroTrapezium_Rt,nolabel      		#678  Trapezium Rt\n        - chiroTrapezoide_Lt,nolabel     		#679  Trapézoïde Lt\n        - chiroTrapezoide_Rt,nolabel     		#680  Trapézoïde Rt\n        - chiroTriquetrum_Lt,nolabel     		#681  Triquetrum Lt\n        - chiroTriquetrum_Rt,nolabel     		#682  Triquetrum Rt\n        - chiroMetatarse_I_Lt,nolabel    		#683  Métatarse I Lt\n        - chiroMetatarse_I_Rt,nolabel    		#684  Métatarse I Rt\n        - chiroMetatarse_II_Lt,nolabel   		#685  Métatarse II Lt\n        - chiroMetatarse_II_Rt,nolabel   		#686  Métatarse II Rt\n        - chiroMetatarse_III_Lt,nolabel  		#687  Métatarse III Lt\n        - chiroMetatarse_III_Rt,nolabel  		#688  Métatarse III Rt\n        - chiroMetatarse_IV_Lt,nolabel   		#689  Métatarse IV Lt\n        - chiroMetatarse_IV_Rt,nolabel   		#690  Métatarse IV Rt\n        - chiroMetatarse_V_Lt,nolabel    		#691  Métatarse V Lt\n        - chiroMetatarse_V_Rt,nolabel    		#692  Métatarse V Rt\n        - chiroMetatarso_phalangienne_Lt,nolabel 		#693  Métatarso -phalangienne Lt\n        - chiroMetatarso_phalangienne_Rt,nolabel 		#694  Métatarso -phalangienne Rt\n        - chiroTibio_fibulaire_distale_Lt,nolabel 		#695  Tibio-fibulaire distale Lt\n        - chiroTibio_fibulaire_distale_Rt,nolabel 		#696  Tibio-fibulaire distale Rt\n        - chiroATM_Lt,nolabel            		#697  ATM Lt\n        - chiroATM_Rt,nolabel            		#698  ATM Rt\n        - chiroSterno_claviculaire_Lt,nolabel 		#699  Sterno-claviculaire Lt\n        - chiroSterno_claviculaire_Rt,nolabel 		#700  Sterno-claviculaire Rt\n        - chiroAcromio_claviculaire_Lt,nolabel 		#701  Acromio-claviculaire Lt\n        - chiroAcromio_claviculaire_Rt,nolabel 		#702  Acromio-claviculaire Rt\n        - chiroGleno_humerale_Lt,nolabel 		#703  Gleno-humérale Lt\n        - chiroGleno_humerale_Rt,nolabel 		#704  Gléno-humérale Rt\n        - chiroTete_radiale_Lt,nolabel   		#705  Tête radiale Lt\n        - chiroTete_radiale_Rt,nolabel   		#706  Tête radiale Rt\n        - chiroUlna_proximal_Lt,nolabel  		#707  Ulna proximal Lt\n        - chiroUlna_proximal_Rt,nolabel  		#708  Ulna proximal Rt\n        - chiroFemoro_acetabulaire_Lt,nolabel 		#709  Fémoro-acétabulaire Lt\n        - chiroFemoro_acetabulaire_Rt,nolabel 		#710  Fémoro-acétabulaire Rt\n        - chiroTibio_fibulaire_prox_Lt,nolabel 		#711  Tibio-fibulaire prox Lt\n        - chiroTibio_fibulaire_prox_Rt,nolabel 		#712  Tibio-fibulaire prox Rt\n        - chiroSymphyse,nolabel          		#713  Symphyse\n        - chiroStyloide_radiale_Lt,nolabel 		#714  Styloïde radiale Lt\n        - chiroStyloide_radiale_Rt,nolabel 		#715  Styloïde radiale Rt\n        - chiroUlna_distal_Lt,nolabel    		#716  Ulna distal Lt\n        - chiroUlna_distal_Rt,nolabel    		#717  Ulna distal Rt\n        - chiroC0,nolabel                		#719  C0\n        - chiroC1,nolabel                		#720  C1\n        - chiroC2,nolabel                		#721  C2\n        - chiroC3,nolabel                		#722  C3\n        - chiroC4,nolabel                		#723  C4\n        - chiroC5,nolabel                		#724  C5\n        - chiroC6,nolabel                		#725  C6\n        - chiroC7,nolabel                		#726  C7\n        - chiroT1,nolabel                		#727  T1\n        - chiroT2,nolabel                		#728  T2\n        - chiroT3,nolabel                		#729  T3\n        - chiroT4,nolabel                		#730  T4\n        - chiroT5,nolabel                		#731  T5\n        - chiroT6,nolabel                		#732  T6\n        - chiroT7,nolabel                		#733  T7\n        - chiroT8,nolabel                		#734  T8\n        - chiroT9,nolabel                		#735  T9\n        - chiroT10,nolabel               		#736  T10\n        - chiroT11,nolabel               		#737  T11\n        - chiroT12,nolabel               		#738  T12\n        - chiroK1_Lt,nolabel             		#739  K1 Lt\n        - chiroK1_Rt,nolabel             		#740  K1 Rt\n        - chiroK2_Lt,nolabel             		#741  K2 Lt\n        - chiroK2_Rt,nolabel             		#742  K2 Rt\n        - chiroK3_Lt,nolabel             		#743  K3 Lt\n        - chiroK3_Rt,nolabel             		#744  K3 Rt\n        - chiroK4_Lt,nolabel             		#745  K4 Lt\n        - chiroK4_Rt,nolabel             		#746  K4 Rt\n        - chiroK5_Lt,nolabel             		#747  K5 Lt\n        - chiroK5_Rt,nolabel             		#748  K5 Rt\n        - chiroK6_Lt,nolabel             		#749  K6 Lt\n        - chiroK6_Rt,nolabel             		#750  K6 Rt\n        - chiroK7_Lt,nolabel             		#751  K7 Lt\n        - chiroK7_Rt,nolabel             		#752  K7 Rt\n        - chiroK8_Lt,nolabel             		#753  K8 Lt\n        - chiroK8_Rt,nolabel             		#754  K8 Rt\n        - chiroK9_Lt,nolabel             		#755  K9 Lt\n        - chiroK9_Rt,nolabel             		#756  K9 Rt\n        - chiroK10_Lt,nolabel            		#757  K10 Lt\n        - chiroK10_Rt,nolabel            		#758  K10 Rt\n        - chiroK11_Lt,nolabel            		#759  K11 Lt\n        - chiroK11_Rt,nolabel            		#760  K11 Rt\n        - chiroK12_Lt,nolabel            		#761  K12 Lt\n        - chiroK12_Rt,nolabel            		#762  K12 Rt\n        - chiroL1,nolabel                		#763  L1\n        - chiroL2,nolabel                		#764  L2\n        - chiroL3,nolabel                		#765  L3\n        - chiroL4,nolabel                		#766  L4\n        - chiroL5,nolabel                		#767  L5\n        - chiroCoccyx,nolabel            		#768  Coccyx\n  row4:\r\n    class: \'chiroTArray\'\r\n    col1:\r\n      size: 6\r\n      bloc:\r\n         - chiroMusculaire               		#557  Musculaire\n         - chiroAK                       		#559  AK\n         - chiroNET                      		#561  NET\n         - chiroThompson                 		#563  Thompson\n         - chiroTapeStrap                		#565  Tape/Strap\n         - chiroExtrem                   		#583  Extrémités\n    col2:\r\n      size: 6\r\n      bloc:\r\n         - chiroCranien                  		#558  Cranien\n         - chiroTBM                      		#560  TBM\n         - chiroWhitesonNot              		#562  Whiteson/NOT\n         - chiroActivator                		#564  Activator\n         - chiroHIO                      		#566  HIO\n         - label{SOT}                        		\n         - chiroSOTCat1                  		#568  Cat I\n         - chiroSOTCat2                  		#569  Cat II\n         - chiroSOTCat3                  		#570  Cat III\n  row5:\r\n    col1:\r\n      size: 12\r\n      bloc:\r\n         - chiroAutres                   		#567  Autres\n  row6:\r\n    col1:\r\n      size: 12\r\n      bloc:\r\n        - chiroNotes,nolabel,rows=8      		#718  Notes' WHERE internalName='chiroConsult';

-- 1.0.0. to 2.0.0
UPDATE forms SET yamlStructure='global:\r\n  formClass: \'newCS\' \r\nstructure:\r\n####### INTRODUCTION ######\r\n  row1:\r\n    head: \'Diagnostic\'\r\n    col1:                              \r\n      size: 12\r\n      bloc:                          \r\n        - 504,nolabel                 # Diagnostic\r\n  row2:                              \r\n    head: \'Évolution & Symptômes\'\r\n    col1:                              \r\n      size: 12\r\n      bloc:                          \r\n        - 498,nolabel,rows=4          # Évolution & Symptômes\r\n  row3:\r\n    class: \'chiroVArray\'\r\n    col1:                              \r\n      size: 12\r\n      bloc:\r\n        - template{chiroConsult}\r\n        - 584,nolabel\r\n        - 585,nolabel\r\n        - 586,nolabel\r\n        - 587,nolabel\r\n        - 588,nolabel\r\n        - 589,nolabel\r\n        - 590,nolabel\r\n        - 591,nolabel\r\n        - 592,nolabel\r\n        - 593,nolabel\r\n        - 594,nolabel\r\n        - 595,nolabel\r\n        - 596,nolabel\r\n        - 597,nolabel\r\n        - 598,nolabel\r\n        - 599,nolabel\r\n        - 600,nolabel\r\n        - 601,nolabel\r\n        - 602,nolabel\r\n        - 603,nolabel\r\n        - 604,nolabel\r\n        - 605,nolabel\r\n        - 606,nolabel\r\n        - 607,nolabel\r\n        - 608,nolabel\r\n        - 609,nolabel\r\n        - 610,nolabel\r\n        - 611,nolabel\r\n        - 612,nolabel\r\n        - 613,nolabel\r\n        - 614,nolabel\r\n        - 615,nolabel\r\n        - 616,nolabel\r\n        - 617,nolabel\r\n        - 618,nolabel\r\n        - 619,nolabel\r\n        - 620,nolabel\r\n        - 621,nolabel\r\n        - 622,nolabel\r\n        - 623,nolabel\r\n        - 624,nolabel\r\n        - 625,nolabel\r\n        - 626,nolabel\r\n        - 627,nolabel\r\n        - 628,nolabel\r\n        - 629,nolabel\r\n        - 630,nolabel\r\n        - 631,nolabel\r\n        - 632,nolabel\r\n        - 633,nolabel\r\n        - 634,nolabel\r\n        - 635,nolabel\r\n        - 636,nolabel\r\n        - 637,nolabel\r\n        - 638,nolabel\r\n        - 639,nolabel\r\n        - 640,nolabel\r\n        - 641,nolabel\r\n        - 642,nolabel\r\n        - 643,nolabel\r\n        - 644,nolabel\r\n        - 645,nolabel\r\n        - 646,nolabel\r\n        - 647,nolabel\r\n        - 648,nolabel\r\n        - 649,nolabel\r\n        - 650,nolabel\r\n        - 651,nolabel\r\n        - 652,nolabel\r\n        - 653,nolabel\r\n        - 654,nolabel\r\n        - 655,nolabel\r\n        - 656,nolabel\r\n        - 657,nolabel\r\n        - 658,nolabel\r\n        - 659,nolabel\r\n        - 660,nolabel\r\n        - 661,nolabel\r\n        - 662,nolabel\r\n        - 663,nolabel\r\n        - 664,nolabel\r\n        - 665,nolabel\r\n        - 666,nolabel\r\n        - 667,nolabel\r\n        - 668,nolabel\r\n        - 669,nolabel\r\n        - 670,nolabel\r\n        - 671,nolabel\r\n        - 672,nolabel\r\n        - 673,nolabel\r\n        - 674,nolabel\r\n        - 675,nolabel\r\n        - 676,nolabel\r\n        - 677,nolabel\r\n        - 678,nolabel\r\n        - 679,nolabel\r\n        - 680,nolabel\r\n        - 681,nolabel\r\n        - 682,nolabel\r\n        - 683,nolabel\r\n        - 684,nolabel\r\n        - 685,nolabel\r\n        - 686,nolabel\r\n        - 687,nolabel\r\n        - 688,nolabel\r\n        - 689,nolabel\r\n        - 690,nolabel\r\n        - 691,nolabel\r\n        - 692,nolabel\r\n        - 693,nolabel\r\n        - 694,nolabel\r\n        - 695,nolabel\r\n        - 696,nolabel\r\n        - 697,nolabel\r\n        - 698,nolabel\r\n        - 699,nolabel\r\n        - 700,nolabel\r\n        - 701,nolabel\r\n        - 702,nolabel\r\n        - 703,nolabel\r\n        - 704,nolabel\r\n        - 705,nolabel\r\n        - 706,nolabel\r\n        - 707,nolabel\r\n        - 708,nolabel\r\n        - 709,nolabel\r\n        - 710,nolabel\r\n        - 711,nolabel\r\n        - 712,nolabel\r\n        - 713,nolabel\r\n        - 714,nolabel\r\n        - 715,nolabel\r\n        - 716,nolabel\r\n        - 717,nolabel\r\n        - 719,nolabel\r\n        - 720,nolabel\r\n        - 721,nolabel\r\n        - 722,nolabel\r\n        - 723,nolabel\r\n        - 724,nolabel\r\n        - 725,nolabel\r\n        - 726,nolabel\r\n        - 727,nolabel\r\n        - 728,nolabel\r\n        - 729,nolabel\r\n        - 730,nolabel\r\n        - 731,nolabel\r\n        - 732,nolabel\r\n        - 733,nolabel\r\n        - 734,nolabel\r\n        - 735,nolabel\r\n        - 736,nolabel\r\n        - 737,nolabel\r\n        - 738,nolabel\r\n        - 739,nolabel\r\n        - 740,nolabel\r\n        - 741,nolabel\r\n        - 742,nolabel\r\n        - 743,nolabel\r\n        - 744,nolabel\r\n        - 745,nolabel\r\n        - 746,nolabel\r\n        - 747,nolabel\r\n        - 748,nolabel\r\n        - 749,nolabel\r\n        - 750,nolabel\r\n        - 751,nolabel\r\n        - 752,nolabel\r\n        - 753,nolabel\r\n        - 754,nolabel\r\n        - 755,nolabel\r\n        - 756,nolabel\r\n        - 757,nolabel\r\n        - 758,nolabel\r\n        - 759,nolabel\r\n        - 760,nolabel\r\n        - 761,nolabel\r\n        - 762,nolabel\r\n        - 763,nolabel\r\n        - 764,nolabel\r\n        - 765,nolabel\r\n        - 766,nolabel\r\n        - 767,nolabel\r\n        - 768,nolabel\r\n  row4:\r\n    class: \'chiroTArray\'\r\n    col1:\r\n      size: 6\r\n      bloc:\r\n         - 557\r\n         - 559\r\n         - 561\r\n         - 563\r\n         - 565\r\n         - 583\r\n    col2:\r\n      size: 6\r\n      bloc:\r\n         - 558\r\n         - 560\r\n         - 562\r\n         - 564\r\n         - 566\r\n         - \'SOT\'\r\n         - 568\r\n         - 569\r\n         - 570\r\n  row5:\r\n    col1:\r\n      size: 12\r\n      bloc:\r\n         - 567\r\n  row6:\r\n    col1:\r\n      size: 12\r\n      bloc:\r\n        - 718,nolabel,rows=8',
yamlStructureDefaut='global:\r\n  formClass: \'newCS\' \r\nstructure:\r\n####### INTRODUCTION ######\r\n  row1:\r\n    head: \'Diagnostic\'\r\n    col1:                              \r\n      size: 12\r\n      bloc:                          \r\n        - 504,nolabel                 # Diagnostic\r\n  row2:                              \r\n    head: \'Évolution & Symptômes\'\r\n    col1:                              \r\n      size: 12\r\n      bloc:                          \r\n        - 498,nolabel,rows=4          # Évolution & Symptômes\r\n  row3:\r\n    class: \'chiroVArray\'\r\n    col1:                              \r\n      size: 12\r\n      bloc:\r\n        - template{chiroConsult}\r\n        - 584,nolabel\r\n        - 585,nolabel\r\n        - 586,nolabel\r\n        - 587,nolabel\r\n        - 588,nolabel\r\n        - 589,nolabel\r\n        - 590,nolabel\r\n        - 591,nolabel\r\n        - 592,nolabel\r\n        - 593,nolabel\r\n        - 594,nolabel\r\n        - 595,nolabel\r\n        - 596,nolabel\r\n        - 597,nolabel\r\n        - 598,nolabel\r\n        - 599,nolabel\r\n        - 600,nolabel\r\n        - 601,nolabel\r\n        - 602,nolabel\r\n        - 603,nolabel\r\n        - 604,nolabel\r\n        - 605,nolabel\r\n        - 606,nolabel\r\n        - 607,nolabel\r\n        - 608,nolabel\r\n        - 609,nolabel\r\n        - 610,nolabel\r\n        - 611,nolabel\r\n        - 612,nolabel\r\n        - 613,nolabel\r\n        - 614,nolabel\r\n        - 615,nolabel\r\n        - 616,nolabel\r\n        - 617,nolabel\r\n        - 618,nolabel\r\n        - 619,nolabel\r\n        - 620,nolabel\r\n        - 621,nolabel\r\n        - 622,nolabel\r\n        - 623,nolabel\r\n        - 624,nolabel\r\n        - 625,nolabel\r\n        - 626,nolabel\r\n        - 627,nolabel\r\n        - 628,nolabel\r\n        - 629,nolabel\r\n        - 630,nolabel\r\n        - 631,nolabel\r\n        - 632,nolabel\r\n        - 633,nolabel\r\n        - 634,nolabel\r\n        - 635,nolabel\r\n        - 636,nolabel\r\n        - 637,nolabel\r\n        - 638,nolabel\r\n        - 639,nolabel\r\n        - 640,nolabel\r\n        - 641,nolabel\r\n        - 642,nolabel\r\n        - 643,nolabel\r\n        - 644,nolabel\r\n        - 645,nolabel\r\n        - 646,nolabel\r\n        - 647,nolabel\r\n        - 648,nolabel\r\n        - 649,nolabel\r\n        - 650,nolabel\r\n        - 651,nolabel\r\n        - 652,nolabel\r\n        - 653,nolabel\r\n        - 654,nolabel\r\n        - 655,nolabel\r\n        - 656,nolabel\r\n        - 657,nolabel\r\n        - 658,nolabel\r\n        - 659,nolabel\r\n        - 660,nolabel\r\n        - 661,nolabel\r\n        - 662,nolabel\r\n        - 663,nolabel\r\n        - 664,nolabel\r\n        - 665,nolabel\r\n        - 666,nolabel\r\n        - 667,nolabel\r\n        - 668,nolabel\r\n        - 669,nolabel\r\n        - 670,nolabel\r\n        - 671,nolabel\r\n        - 672,nolabel\r\n        - 673,nolabel\r\n        - 674,nolabel\r\n        - 675,nolabel\r\n        - 676,nolabel\r\n        - 677,nolabel\r\n        - 678,nolabel\r\n        - 679,nolabel\r\n        - 680,nolabel\r\n        - 681,nolabel\r\n        - 682,nolabel\r\n        - 683,nolabel\r\n        - 684,nolabel\r\n        - 685,nolabel\r\n        - 686,nolabel\r\n        - 687,nolabel\r\n        - 688,nolabel\r\n        - 689,nolabel\r\n        - 690,nolabel\r\n        - 691,nolabel\r\n        - 692,nolabel\r\n        - 693,nolabel\r\n        - 694,nolabel\r\n        - 695,nolabel\r\n        - 696,nolabel\r\n        - 697,nolabel\r\n        - 698,nolabel\r\n        - 699,nolabel\r\n        - 700,nolabel\r\n        - 701,nolabel\r\n        - 702,nolabel\r\n        - 703,nolabel\r\n        - 704,nolabel\r\n        - 705,nolabel\r\n        - 706,nolabel\r\n        - 707,nolabel\r\n        - 708,nolabel\r\n        - 709,nolabel\r\n        - 710,nolabel\r\n        - 711,nolabel\r\n        - 712,nolabel\r\n        - 713,nolabel\r\n        - 714,nolabel\r\n        - 715,nolabel\r\n        - 716,nolabel\r\n        - 717,nolabel\r\n        - 719,nolabel\r\n        - 720,nolabel\r\n        - 721,nolabel\r\n        - 722,nolabel\r\n        - 723,nolabel\r\n        - 724,nolabel\r\n        - 725,nolabel\r\n        - 726,nolabel\r\n        - 727,nolabel\r\n        - 728,nolabel\r\n        - 729,nolabel\r\n        - 730,nolabel\r\n        - 731,nolabel\r\n        - 732,nolabel\r\n        - 733,nolabel\r\n        - 734,nolabel\r\n        - 735,nolabel\r\n        - 736,nolabel\r\n        - 737,nolabel\r\n        - 738,nolabel\r\n        - 739,nolabel\r\n        - 740,nolabel\r\n        - 741,nolabel\r\n        - 742,nolabel\r\n        - 743,nolabel\r\n        - 744,nolabel\r\n        - 745,nolabel\r\n        - 746,nolabel\r\n        - 747,nolabel\r\n        - 748,nolabel\r\n        - 749,nolabel\r\n        - 750,nolabel\r\n        - 751,nolabel\r\n        - 752,nolabel\r\n        - 753,nolabel\r\n        - 754,nolabel\r\n        - 755,nolabel\r\n        - 756,nolabel\r\n        - 757,nolabel\r\n        - 758,nolabel\r\n        - 759,nolabel\r\n        - 760,nolabel\r\n        - 761,nolabel\r\n        - 762,nolabel\r\n        - 763,nolabel\r\n        - 764,nolabel\r\n        - 765,nolabel\r\n        - 766,nolabel\r\n        - 767,nolabel\r\n        - 768,nolabel\r\n  row4:\r\n    class: \'chiroTArray\'\r\n    col1:\r\n      size: 6\r\n      bloc:\r\n         - 557\r\n         - 559\r\n         - 561\r\n         - 563\r\n         - 565\r\n         - 583\r\n    col2:\r\n      size: 6\r\n      bloc:\r\n         - 558\r\n         - 560\r\n         - 562\r\n         - 564\r\n         - 566\r\n         - \'SOT\'\r\n         - 568\r\n         - 569\r\n         - 570\r\n  row5:\r\n    col1:\r\n      size: 12\r\n      bloc:\r\n         - 567\r\n  row6:\r\n    col1:\r\n      size: 12\r\n      bloc:\r\n        - 718,nolabel,rows=8' WHERE id=10;

INSERT INTO `data_types` (`id`, `groupe`, `name`, `placeholder`, `label`, `description`, `validationRules`, `validationErrorMsg`, `formType`, `formValues`, `type`, `cat`, `fromID`, `creationDate`, `durationLife`, `displayOrder`) VALUES
(584, 'medical','chiroCuneiforme_I_Lt', 'Cunéïforme I Lt', 'Cunéïforme I Lt', 'Cunéïforme I Lt','','', 'hidden', '', 'user', 35, 1, '2017-11-13 18:39:48', 3600, 1),
(585, 'medical','chiroCuneiforme_I_Rt', 'Cunéïforme I Rt', 'Cunéïforme I Rt', 'Cunéïforme I Rt','','', 'hidden', '', 'user', 35, 1, '2017-11-13 18:39:48', 3600, 1),
(586, 'medical','chiroCuneiforme_II_Lt', 'Cunéïforme II Lt', 'Cunéïforme II Lt', 'Cunéïforme II Lt','','', 'hidden', '', 'user', 35, 1, '2017-11-13 18:39:48', 3600, 1),
(587, 'medical','chiroCuneiforme_II_Rt', 'Cunéïforme II Rt', 'Cunéïforme II Rt', 'Cunéïforme II Rt','','', 'hidden', '', 'user', 35, 1, '2017-11-13 18:39:48', 3600, 1),
(588, 'medical','chiroCuneiforme_III_Lt', 'Cunéïforme III Lt', 'Cunéïforme III Lt', 'Cunéïforme III Lt','','', 'hidden', '', 'user', 35, 1, '2017-11-13 18:39:48', 3600, 1),
(589, 'medical','chiroCuneiforme_III_Rt', 'Cunéïforme III Rt', 'Cunéïforme III Rt', 'Cunéïforme III Rt', '','', 'hidden', '', 'user', 35, 1, '2017-11-13 18:39:48', 3600, 1),
(590, 'medical', 'chiroalcaneum_Lt','Calcanéum Lt','Calcanéum Lt','Calcanéum Lt','','', 'hidden', '', 'user', 35, 1, '2017-11-13 18:39:48', 3600, 1),
(591, 'medical', 'chiroalcaneum_Rt','Calcanéum Rt','Calcanéum Rt','Calcanéum Rt','','', 'hidden', '', 'user', 35, 1, '2017-11-13 18:39:48', 3600, 1),
(592, 'medical', 'chiroapitatum_Lt','Capitatum Lt','Capitatum Lt','Capitatum Lt','','', 'hidden', '', 'user', 35, 1, '2017-11-13 18:39:48', 3600, 1),
(593, 'medical', 'chiroapitatum_Rt','Capitatum Rt','Capitatum Rt','Capitatum Rt','','', 'hidden', '', 'user', 35, 1, '2017-11-13 18:39:48', 3600, 1),
(594, 'medical', 'chiroCuboide_Lt','Cuboïde Lt','Cuboïde Lt','Cuboïde Lt','','', 'hidden', '', 'user', 35, 1, '2017-11-13 18:39:48', 3600, 1),
(595, 'medical', 'chiroCuboide_Rt','Cuboïde Rt','Cuboïde Rt','Cuboïde Rt','','', 'hidden', '', 'user', 35, 1, '2017-11-13 18:39:48', 3600, 1),
(596, 'medical', 'chiroHamatum_Lt','Hamatum Lt','Hamatum Lt','Hamatum Lt','','', 'hidden', '', 'user', 35, 1, '2017-11-13 18:39:48', 3600, 1),
(597, 'medical', 'chiroHamatum_Rt','Hamatum Rt','Hamatum Rt','Hamatum Rt','','', 'hidden', '', 'user', 35, 1, '2017-11-13 18:39:48', 3600, 1),
(598, 'medical', 'chiroIlium_Lt','Ilium Lt','Ilium Lt','Ilium Lt','','', 'hidden', '', 'user', 35, 1, '2017-11-13 18:39:48', 3600, 1),
(599, 'medical', 'chiroIlium_Rt','Ilium Rt','Ilium Rt','Ilium Rt','','', 'hidden', '', 'user', 35, 1, '2017-11-13 18:39:48', 3600, 1),
(600, 'medical', 'chiroLunatum_Lt','Lunatum Lt','Lunatum Lt','Lunatum Lt','','', 'hidden', '', 'user', 35, 1, '2017-11-13 18:39:48', 3600, 1),
(601, 'medical', 'chiroLunatum_Rt','Lunatum Rt','Lunatum Rt','Lunatum Rt','','', 'hidden', '', 'user', 35, 1, '2017-11-13 18:39:48', 3600, 1),
(602, 'medical', 'chiroMetacarpe_I_Lt','Métacarpe I Lt','Métacarpe I Lt','Métacarpe I Lt','','', 'hidden', '', 'user', 35, 1, '2017-11-13 18:39:48', 3600, 1),
(603, 'medical', 'chiroMetacarpe_I_Rt','Métacarpe I Rt','Métacarpe I Rt','Métacarpe I Rt','','', 'hidden', '', 'user', 35, 1, '2017-11-13 18:39:48', 3600, 1),
(604, 'medical', 'chiroMetacarpe_II_Lt','Métacarpe II Lt','Métacarpe II Lt','Métacarpe II Lt','','', 'hidden', '', 'user', 35, 1, '2017-11-13 18:39:48', 3600, 1),
(605, 'medical', 'chiroMetacarpe_II_Rt','Métacarpe II Rt','Métacarpe II Rt','Métacarpe II Rt','','', 'hidden', '', 'user', 35, 1, '2017-11-13 18:39:48', 3600, 1),
(606, 'medical', 'chiroMetacarpe_III_Lt','Métacarpe III Lt','Métacarpe III Lt','Métacarpe III Lt','','', 'hidden', '', 'user', 35, 1, '2017-11-13 18:39:48', 3600, 1),
(607, 'medical', 'chiroMetacarpe_III_Rt','Métacarpe III Rt','Métacarpe III Rt','Métacarpe III Rt','','', 'hidden', '', 'user', 35, 1, '2017-11-13 18:39:48', 3600, 1),
(608, 'medical', 'chiroMetacarpe_IV_Lt','Métacarpe IV Lt','Métacarpe IV Lt','Métacarpe IV Lt','','', 'hidden', '', 'user', 35, 1, '2017-11-13 18:39:48', 3600, 1),
(609, 'medical', 'chiroMetacarpe_IV_Rt','Métacarpe IV Rt','Métacarpe IV Rt','Métacarpe IV Rt','','', 'hidden', '', 'user', 35, 1, '2017-11-13 18:39:48', 3600, 1),
(610, 'medical', 'chiroMetacarpe_V_Lt','Métacarpe V Lt','Métacarpe V Lt','Métacarpe V Lt','','', 'hidden', '', 'user', 35, 1, '2017-11-13 18:39:48', 3600, 1),
(611, 'medical', 'chiroMetacarpe_V_Rt','Métacarpe V Rt','Métacarpe V Rt','Métacarpe V Rt','','', 'hidden', '', 'user', 35, 1, '2017-11-13 18:39:48', 3600, 1),
(612, 'medical', 'chiroNaviculaire_Lt','Naviculaire Lt','Naviculaire Lt','Naviculaire Lt','','', 'hidden', '', 'user', 35, 1, '2017-11-13 18:39:48', 3600, 1),
(613, 'medical', 'chiroNaviculaire_Rt','Naviculaire Rt','Naviculaire Rt','Naviculaire Rt','','', 'hidden', '', 'user', 35, 1, '2017-11-13 18:39:48', 3600, 1),
(614, 'medical', 'chiroP1_I_Lt','P1 I Lt','P1 I Lt','P1 I Lt','','', 'hidden', '', 'user', 35, 1, '2017-11-13 18:39:48', 3600, 1),
(615, 'medical', 'chiroP1_I_Rt','P1 I Rt','P1 I Rt','P1 I Rt','','', 'hidden', '', 'user', 35, 1, '2017-11-13 18:39:48', 3600, 1),
(616, 'medical', 'chiroP1_II_Lt','P1 II Lt','P1 II Lt','P1 II Lt','','', 'hidden', '', 'user', 35, 1, '2017-11-13 18:39:48', 3600, 1),
(617, 'medical', 'chiroP1_II_Rt','P1 II Rt','P1 II Rt','P1 II Rt','','', 'hidden', '', 'user', 35, 1, '2017-11-13 18:39:48', 3600, 1),
(618, 'medical', 'chiroP1_III_Lt','P1 III Lt','P1 III Lt','P1 III Lt','','', 'hidden', '', 'user', 35, 1, '2017-11-13 18:39:48', 3600, 1),
(619, 'medical', 'chiroP1_III_Rt','P1 III Rt','P1 III Rt','P1 III Rt','','', 'hidden', '', 'user', 35, 1, '2017-11-13 18:39:48', 3600, 1),
(620, 'medical', 'chiroP1_IV_Lt','P1 IV Lt','P1 IV Lt','P1 IV Lt','','', 'hidden', '', 'user', 35, 1, '2017-11-13 18:39:48', 3600, 1),
(621, 'medical', 'chiroP1_IV_Rt','P1 IV Rt','P1 IV Rt','P1 IV Rt','','', 'hidden', '', 'user', 35, 1, '2017-11-13 18:39:48', 3600, 1),
(622, 'medical', 'chiroP1_V_Lt','P1 V Lt','P1 V Lt','P1 V Lt','','', 'hidden', '', 'user', 35, 1, '2017-11-13 18:39:48', 3600, 1),
(623, 'medical', 'chiroP1_V_Rt','P1 V Rt','P1 V Rt','P1 V Rt','','', 'hidden', '', 'user', 35, 1, '2017-11-13 18:39:48', 3600, 1),
(624, 'medical', 'chiroP2_I_Lt','P2 I Lt','P2 I Lt','P2 I Lt','','', 'hidden', '', 'user', 35, 1, '2017-11-13 18:39:48', 3600, 1),
(625, 'medical', 'chiroP2_I_Rt','P2 I Rt','P2 I Rt','P2 I Rt','','', 'hidden', '', 'user', 35, 1, '2017-11-13 18:39:48', 3600, 1),
(626, 'medical', 'chiroP2_II_Lt','P2 II Lt','P2 II Lt','P2 II Lt','','', 'hidden', '', 'user', 35, 1, '2017-11-13 18:39:48', 3600, 1),
(627, 'medical', 'chiroP2_II_Rt','P2 II Rt','P2 II Rt','P2 II Rt','','', 'hidden', '', 'user', 35, 1, '2017-11-13 18:39:48', 3600, 1),
(628, 'medical', 'chiroP2_III_Lt','P2 III Lt','P2 III Lt','P2 III Lt','','', 'hidden', '', 'user', 35, 1, '2017-11-13 18:39:48', 3600, 1),
(629, 'medical', 'chiroP2_III_Rt','P2 III Rt','P2 III Rt','P2 III Rt','','', 'hidden', '', 'user', 35, 1, '2017-11-13 18:39:48', 3600, 1),
(630, 'medical', 'chiroP2_IV_Lt','P2 IV Lt','P2 IV Lt','P2 IV Lt','','', 'hidden', '', 'user', 35, 1, '2017-11-13 18:39:48', 3600, 1),
(631, 'medical', 'chiroP2_IV_Rt','P2 IV Rt','P2 IV Rt','P2 IV Rt','','', 'hidden', '', 'user', 35, 1, '2017-11-13 18:39:48', 3600, 1),
(632, 'medical', 'chiroP2_V_Lt','P2 V Lt','P2 V Lt','P2 V Lt','','', 'hidden', '', 'user', 35, 1, '2017-11-13 18:39:48', 3600, 1),
(633, 'medical', 'chiroP2_V_Rt','P2 V Rt','P2 V Rt','P2 V Rt','','', 'hidden', '', 'user', 35, 1, '2017-11-13 18:39:48', 3600, 1),
(634, 'medical', 'chiroP3_I_Lt','P3 I Lt','P3 I Lt','P3 I Lt','','', 'hidden', '', 'user', 35, 1, '2017-11-13 18:39:48', 3600, 1),
(635, 'medical', 'chiroP3_I_Rt','P3 I Rt','P3 I Rt','P3 I Rt','','', 'hidden', '', 'user', 35, 1, '2017-11-13 18:39:48', 3600, 1),
(636, 'medical', 'chiroP3_II_Lt','P3 II Lt','P3 II Lt','P3 II Lt','','', 'hidden', '', 'user', 35, 1, '2017-11-13 18:39:48', 3600, 1),
(637, 'medical', 'chiroP3_II_Rt','P3 II Rt','P3 II Rt','P3 II Rt','','', 'hidden', '', 'user', 35, 1, '2017-11-13 18:39:48', 3600, 1),
(638, 'medical', 'chiroP3_III_Lt','P3 III Lt','P3 III Lt','P3 III Lt','','', 'hidden', '', 'user', 35, 1, '2017-11-13 18:39:48', 3600, 1),
(639, 'medical', 'chiroP3_III_Rt','P3 III Rt','P3 III Rt','P3 III Rt','','', 'hidden', '', 'user', 35, 1, '2017-11-13 18:39:48', 3600, 1),
(640, 'medical', 'chiroP3_IV_Lt','P3 IV Lt','P3 IV Lt','P3 IV Lt','','', 'hidden', '', 'user', 35, 1, '2017-11-13 18:39:48', 3600, 1),
(641, 'medical', 'chiroP3_IV_Rt','P3 IV Rt','P3 IV Rt','P3 IV Rt','','', 'hidden', '', 'user', 35, 1, '2017-11-13 18:39:48', 3600, 1),
(642, 'medical', 'chiroP3_V_Lt','P3 V Lt','P3 V Lt','P3 V Lt','','', 'hidden', '', 'user', 35, 1, '2017-11-13 18:39:48', 3600, 1),
(643, 'medical', 'chiroP3_V_Rt','P3 V Rt','P3 V Rt','P3 V Rt','','', 'hidden', '', 'user', 35, 1, '2017-11-13 18:39:48', 3600, 1),
(644, 'medical', 'chiro_p1_I_Lt','p1 I Lt','p1 I Lt','p1 I Lt','','', 'hidden', '', 'user', 35, 1, '2017-11-13 18:39:48', 3600, 1),
(645, 'medical', 'chiro_p1_I_Rt','p1 I Rt','p1 I Rt','p1 I Rt','','', 'hidden', '', 'user', 35, 1, '2017-11-13 18:39:48', 3600, 1),
(646, 'medical', 'chiro_p1_II_Lt','p1 II Lt','p1 II Lt','p1 II Lt','','', 'hidden', '', 'user', 35, 1, '2017-11-13 18:39:48', 3600, 1),
(647, 'medical', 'chiro_p1_II_Rt','p1 II Rt','p1 II Rt','p1 II Rt','','', 'hidden', '', 'user', 35, 1, '2017-11-13 18:39:48', 3600, 1),
(648, 'medical', 'chiro_p1_III_Lt','p1 III Lt','p1 III Lt','p1 III Lt','','', 'hidden', '', 'user', 35, 1, '2017-11-13 18:39:48', 3600, 1),
(649, 'medical', 'chiro_p1_III_Rt','p1 III Rt','p1 III Rt','p1 III Rt','','', 'hidden', '', 'user', 35, 1, '2017-11-13 18:39:48', 3600, 1),
(650, 'medical', 'chiro_p1_IV_Lt','p1 IV Lt','p1 IV Lt','p1 IV Lt','','', 'hidden', '', 'user', 35, 1, '2017-11-13 18:39:48', 3600, 1),
(651, 'medical', 'chiro_p1_IV_Rt','p1 IV Rt','p1 IV Rt','p1 IV Rt','','', 'hidden', '', 'user', 35, 1, '2017-11-13 18:39:48', 3600, 1),
(652, 'medical', 'chiro_p1_V_Lt','p1 V Lt','p1 V Lt','p1 V Lt','','', 'hidden', '', 'user', 35, 1, '2017-11-13 18:39:48', 3600, 1),
(653, 'medical', 'chiro_p1_V_Rt','p1 V Rt','p1 V Rt','p1 V Rt','','', 'hidden', '', 'user', 35, 1, '2017-11-13 18:39:48', 3600, 1),
(654, 'medical', 'chiro_p2_I_Lt','p2 I Lt','p2 I Lt','p2 I Lt','','', 'hidden', '', 'user', 35, 1, '2017-11-13 18:39:48', 3600, 1),
(655, 'medical', 'chiro_p2_I_Rt','p2 I Rt','p2 I Rt','p2 I Rt','','', 'hidden', '', 'user', 35, 1, '2017-11-13 18:39:48', 3600, 1),
(656, 'medical', 'chiro_p2_II_Lt','p2 II Lt','p2 II Lt','p2 II Lt','','', 'hidden', '', 'user', 35, 1, '2017-11-13 18:39:48', 3600, 1),
(657, 'medical', 'chiro_p2_II_Rt','p2 II Rt','p2 II Rt','p2 II Rt','','', 'hidden', '', 'user', 35, 1, '2017-11-13 18:39:48', 3600, 1),
(658, 'medical', 'chiro_p2_III_Lt','p2 III Lt','p2 III Lt','p2 III Lt','','', 'hidden', '', 'user', 35, 1, '2017-11-13 18:39:48', 3600, 1),
(659, 'medical', 'chiro_p2_III_Rt','p2 III Rt','p2 III Rt','p2 III Rt','','', 'hidden', '', 'user', 35, 1, '2017-11-13 18:39:48', 3600, 1),
(660, 'medical', 'chiro_p2_IV_Lt','p2 IV Lt','p2 IV Lt','p2 IV Lt','','', 'hidden', '', 'user', 35, 1, '2017-11-13 18:39:48', 3600, 1),
(661, 'medical', 'chiro_p2_IV_Rt','p2 IV Rt','p2 IV Rt','p2 IV Rt','','', 'hidden', '', 'user', 35, 1, '2017-11-13 18:39:48', 3600, 1),
(662, 'medical', 'chiro_p2_V_Lt','p2 V Lt','p2 V Lt','p2 V Lt','','', 'hidden', '', 'user', 35, 1, '2017-11-13 18:39:48', 3600, 1),
(663, 'medical', 'chiro_p2_V_Rt','p2 V Rt','p2 V Rt','p2 V Rt','','', 'hidden', '', 'user', 35, 1, '2017-11-13 18:39:48', 3600, 1),
(664, 'medical', 'chiroPatella_Lt','Patella_Lt','Patella_Lt','Patella_Lt','','', 'hidden', '', 'user', 35, 1, '2017-11-13 18:39:48', 3600, 1),
(665, 'medical', 'chiroPatella_Rt','Patella Rt','Patella Rt','Patella Rt','','', 'hidden', '', 'user', 35, 1, '2017-11-13 18:39:48', 3600, 1),
(666, 'medical', 'chiroPisiforme_Lt','Pisiforme Lt','Pisiforme Lt','Pisiforme Lt','','', 'hidden', '', 'user', 35, 1, '2017-11-13 18:39:48', 3600, 1),
(667, 'medical', 'chiroPisiforme_Rt','Pisiforme Rt','Pisiforme Rt','Pisiforme Rt','','', 'hidden', '', 'user', 35, 1, '2017-11-13 18:39:48', 3600, 1),
(668, 'medical', 'chiroSacrum','Sacrum','Sacrum','Sacrum','','', 'hidden', '', 'user', 35, 1, '2017-11-13 18:39:48', 3600, 1),
(669, 'medical', 'chiroScaphoide_Lt','Scaphoide Lt','Scaphoide Lt','Scaphoide Lt','','', 'hidden', '', 'user', 35, 1, '2017-11-13 18:39:48', 3600, 1),
(670, 'medical', 'chiroScaphoide_Rt','Scaphoide Rt','Scaphoide Rt','Scaphoide Rt','','', 'hidden', '', 'user', 35, 1, '2017-11-13 18:39:48', 3600, 1),
(671, 'medical', 'chiroScapula_Lt','Scapula Lt','Scapula Lt','Scapula Lt','','', 'hidden', '', 'user', 35, 1, '2017-11-13 18:39:48', 3600, 1),
(672, 'medical', 'chiroScapula_Rt','Scapula Rt','Scapula Rt','Scapula Rt','','', 'hidden', '', 'user', 35, 1, '2017-11-13 18:39:48', 3600, 1),
(673, 'medical', 'chiroTalus_Lt','Talus Lt','Talus Lt','Talus Lt','','', 'hidden', '', 'user', 35, 1, '2017-11-13 18:39:48', 3600, 1),
(674, 'medical', 'chiroTalus Rt','Talus Rt','Talus Rt','Talus Rt','','', 'hidden', '', 'user', 35, 1, '2017-11-13 18:39:48', 3600, 1),
(675, 'medical', 'chiroTibia_Lt','Tibia Lt','Tibia Lt','Tibia Lt','','', 'hidden', '', 'user', 35, 1, '2017-11-13 18:39:48', 3600, 1),
(676, 'medical', 'chiroTibia_Rt','Tibia Rt','Tibia Rt','Tibia Rt','','', 'hidden', '', 'user', 35, 1, '2017-11-13 18:39:48', 3600, 1),
(677, 'medical', 'chiroTrapezium_Lt','Trapezium Lt','Trapezium Lt','Trapezium Lt','','', 'hidden', '', 'user', 35, 1, '2017-11-13 18:39:48', 3600, 1),
(678, 'medical', 'chiroTrapezium_Rt','Trapezium Rt','Trapezium Rt','Trapezium Rt','','', 'hidden', '', 'user', 35, 1, '2017-11-13 18:39:48', 3600, 1),
(679, 'medical', 'chiroTrapezoide_Lt','Trapézoïde Lt','Trapézoïde Lt','Trapézoïde Lt','','', 'hidden', '', 'user', 35, 1, '2017-11-13 18:39:48', 3600, 1),
(680, 'medical', 'chiroTrapezoide_Rt','Trapézoïde Rt','Trapézoïde Rt','Trapézoïde Rt','','', 'hidden', '', 'user', 35, 1, '2017-11-13 18:39:48', 3600, 1),
(681, 'medical', 'chiroTriquetrum_Lt','Triquetrum Lt','Triquetrum Lt','Triquetrum Lt','','', 'hidden', '', 'user', 35, 1, '2017-11-13 18:39:48', 3600, 1),
(682, 'medical', 'chiroTriquetrum_Rt','Triquetrum Rt','Triquetrum Rt','Triquetrum Rt','','', 'hidden', '', 'user', 35, 1, '2017-11-13 18:39:48', 3600, 1),
(683, 'medical', 'chiroMetatarse_I_Lt','Métatarse I Lt','Métatarse I Lt','Métatarse I_Lt','','', 'hidden', '', 'user', 35, 1, '2017-11-13 18:39:48', 3600, 1),
(684, 'medical', 'chiroMetatarse_I_Rt','Métatarse I Rt','Métatarse I Rt','Métatarse I_Rt','','', 'hidden', '', 'user', 35, 1, '2017-11-13 18:39:48', 3600, 1),
(685, 'medical', 'chiroMetatarse_II_Lt','Métatarse II Lt','Métatarse II Lt','Métatarse II Lt','','', 'hidden', '', 'user', 35, 1, '2017-11-13 18:39:48', 3600, 1),
(686, 'medical', 'chiroMetatarse_II_Rt','Métatarse II Rt','Métatarse II Rt','Métatarse II Rt','','', 'hidden', '', 'user', 35, 1, '2017-11-13 18:39:48', 3600, 1),
(687, 'medical', 'chiroMetatarse_III_Lt','Métatarse III Lt','Métatarse III Lt','Métatarse III Lt','','', 'hidden', '', 'user', 35, 1, '2017-11-13 18:39:48', 3600, 1),
(688, 'medical', 'chiroMetatarse_III_Rt','Métatarse III Rt','Métatarse III Rt','Métatarse III Rt','','', 'hidden', '', 'user', 35, 1, '2017-11-13 18:39:48', 3600, 1),
(689, 'medical', 'chiroMetatarse_IV_Lt','Métatarse IV Lt','Métatarse IV Lt','Métatarse IV Lt','','', 'hidden', '', 'user', 35, 1, '2017-11-13 18:39:48', 3600, 1),
(690, 'medical', 'chiroMetatarse_IV_Rt','Métatarse IV Rt','Métatarse IV Rt','Métatarse IV Rt','','', 'hidden', '', 'user', 35, 1, '2017-11-13 18:39:48', 3600, 1),
(691, 'medical', 'chiroMetatarse_V_Lt','Métatarse V Lt','Métatarse V Lt','Métatarse V Lt','','', 'hidden', '', 'user', 35, 1, '2017-11-13 18:39:48', 3600, 1),
(692, 'medical', 'chiroMetatarse_V_Rt','Métatarse V Rt','Métatarse V Rt','Métatarse V Rt','','', 'hidden', '', 'user', 35, 1, '2017-11-13 18:39:48', 3600, 1),
(693, 'medical', 'chiroMetatarso-phalangienne_Lt', 'Métatarso-phalangienne Lt', 'Métatarso-phalangienne Lt', 'Métatarso-phalangienne Lt', '', '', 'hidden', '', 'user', 35, 1, '2017-11-13 18:39:48', 3600, 1),
(694, 'medical', 'chiroMetatarso-phalangienne_Rt', 'Métatarso-phalangienne Rt', 'Métatarso-phalangienne Rt', 'Métatarso-phalangienne Rt', '', '', 'hidden', '', 'user', 35, 1, '2017-11-13 18:39:48', 3600, 1),
(695, 'medical', 'chiroTibio-fibulaire_distale_Lt', 'Tibio-fibulaire distale Lt', 'Tibio-fibulaire distale Lt', 'Tibio-fibulaire distale Lt', '', '', 'hidden', '', 'user', 35, 1, '2017-11-13 18:39:48', 3600, 1),
(696, 'medical', 'chiroTibio-fibulaire_distale_Rt', 'Tibio-fibulaire distale Rt', 'Tibio-fibulaire distale Rt', 'Tibio-fibulaire distale Rt', '', '', 'hidden', '', 'user', 35, 1, '2017-11-13 18:39:48', 3600, 1),
(697, 'medical', 'chiroATM_Lt', 'ATM Lt', 'ATM Lt', 'ATM Lt', '', '', 'hidden', '', 'user', 35, 1, '2017-11-13 18:39:48', 3600, 1),
(698, 'medical', 'chiroATM_Rt', 'ATM Rt', 'ATM Rt', 'ATM Rt', '', '', 'hidden', '', 'user', 35, 1, '2017-11-13 18:39:48', 3600, 1),
(699, 'medical', 'chiroSterno-claviculaire_Lt', 'Sterno-claviculaire Lt', 'Sterno-claviculaire Lt', 'Sterno-claviculaire Lt', '', '', 'hidden', '', 'user', 35, 1, '2017-11-13 18:39:48', 3600, 1),
(700, 'medical', 'chiroSterno-claviculaire_Rt', 'Sterno-claviculaire Rt', 'Sterno-claviculaire Rt', 'Sterno-claviculaire Rt', '', '', 'hidden', '', 'user', 35, 1, '2017-11-13 18:39:48', 3600, 1),
(701, 'medical', 'chiroAcromio-claviculaire_Lt', 'Acromio-claviculaire Lt', 'Acromio-claviculaire Lt', 'Acromio-claviculaire Lt', '', '', 'hidden', '', 'user', 35, 1, '2017-11-13 18:39:48', 3600, 1),
(702, 'medical', 'chiroAcromio-claviculaire_Rt', 'Acromio-claviculaire Rt', 'Acromio-claviculaire Rt', 'Acromio-claviculaire Rt', '', '', 'hidden', '', 'user', 35, 1, '2017-11-13 18:39:48', 3600, 1),
(703, 'medical', 'chiroGleno-humerale_Lt', 'Gléno-humérale Lt', 'Gléno-humérale Lt', 'Gléno-humérale Lt', '', '', 'hidden', '', 'user', 35, 1, '2017-11-13 18:39:48', 3600, 1),
(704, 'medical', 'chiroGleno-humerale_Rt', 'Gléno-humérale Rt', 'Gléno-humérale Rt', 'Gléno-humérale Rt', '', '', 'hidden', '', 'user', 35, 1, '2017-11-13 18:39:48', 3600, 1),
(705, 'medical', 'chiroTete_radiale_Lt', 'Tête radiale Lt', 'Tête radiale Lt', 'Tête radiale Lt', '', '', 'hidden', '', 'user', 35, 1, '2017-11-13 18:39:48', 3600, 1),
(706, 'medical', 'chiroTete_radiale_Rt', 'Tête radiale Rt', 'Tête radiale Rt', 'Tête radiale Rt', '', '', 'hidden', '', 'user', 35, 1, '2017-11-13 18:39:48', 3600, 1),
(707, 'medical', 'chiroUlna_proximal_Lt', 'Ulna proximal Lt', 'Ulna proximal Lt', 'Ulna proximal Lt', '', '', 'hidden', '', 'user', 35, 1, '2017-11-13 18:39:48', 3600, 1),
(708, 'medical', 'chiroUlna_proximal_Rt', 'Ulna proximal Rt', 'Ulna proximal Rt', 'Ulna proximal Rt', '', '', 'hidden', '', 'user', 35, 1, '2017-11-13 18:39:48', 3600, 1),
(709, 'medical', 'chiroFemoro-acetabulaire_Lt', 'Fémoro-acétabulaire Lt', 'Fémoro-acétabulaire Lt', 'Fémoro-acétabulaire Lt', '', '', 'hidden', '', 'user', 35, 1, '2017-11-13 18:39:48', 3600, 1),
(710, 'medical', 'chiroFemoro-acetabulaire_Rt', 'Fémoro-acétabulaire Rt', 'Fémoro-acétabulaire Rt', 'Fémoro-acétabulaire Rt', '', '', 'hidden', '', 'user', 35, 1, '2017-11-13 18:39:48', 3600, 1),
(711, 'medical', 'chiroTibio-fibulaire_prox_Lt', 'Tibio-fibulaire prox Lt', 'Tibio-fibulaire prox Lt', 'Tibio-fibulaire prox Lt', '', '', 'hidden', '', 'user', 35, 1, '2017-11-13 18:39:48', 3600, 1),
(712, 'medical', 'chiroTibio-fibulaire_prox_Rt', 'Tibio-fibulaire prox Rt', 'Tibio-fibulaire prox Rt', 'Tibio-fibulaire prox Rt', '', '', 'hidden', '', 'user', 35, 1, '2017-11-13 18:39:48', 3600, 1),
(713, 'medical', 'chiroSymphyse', 'Symphyse', 'Symphyse', 'Symphyse', '', '', 'hidden', '', 'user', 35, 1, '2017-11-13 18:39:48', 3600, 1),
(714, 'medical', 'chiroStyloide_radiale_Lt', 'Styloïde radiale Lt', 'Styloïde radiale Lt', 'Styloïde radiale Lt', '', '', 'hidden', '', 'user', 35, 1, '2017-11-13 18:39:48', 3600, 1),
(715, 'medical', 'chiroStyloide_radiale_Rt', 'Styloïde radiale Rt', 'Styloïde radiale Rt', 'Styloïde radiale Rt', '', '', 'hidden', '', 'user', 35, 1, '2017-11-13 18:39:48', 3600, 1),
(716, 'medical', 'chiroUlna_distal_Lt', 'Ulna distal Lt', 'Ulna distal Lt', 'Ulna distal Lt', '', '', 'hidden', '', 'user', 35, 1, '2017-11-13 18:39:48', 3600, 1),
(717, 'medical', 'chiroUlna_distal_Rt', 'Ulna distal Rt', 'Ulna distal Rt', 'Ulna distal Rt', '', '', 'hidden', '', 'user', 35, 1, '2017-11-13 18:39:48', 3600, 1),
(718, 'medical', 'chiroNotes', 'Notes', 'Notes', 'Notes', '', '', 'textarea', '', 'user', 35, 1, '2017-11-13 18:39:48', 3600, 1),
(719, 'medical', 'chiroC0', 'C0', 'C0', 'C0', '', '', 'hidden', '', 'user', 35, 1, '2017-11-13 18:39:48', 3600, 1),
(720, 'medical', 'chiroC1', 'C1', 'C1', 'C1', '', '', 'hidden', '', 'user', 35, 1, '2017-11-13 18:39:48', 3600, 1),
(721, 'medical', 'chiroC2', 'C2', 'C2', 'C2', '', '', 'hidden', '', 'user', 35, 1, '2017-11-13 18:39:48', 3600, 1),
(722, 'medical', 'chiroC3', 'C3', 'C3', 'C3', '', '', 'hidden', '', 'user', 35, 1, '2017-11-13 18:39:48', 3600, 1),
(723, 'medical', 'chiroC4', 'C4', 'C4', 'C4', '', '', 'hidden', '', 'user', 35, 1, '2017-11-13 18:39:48', 3600, 1),
(724, 'medical', 'chiroC5', 'C5', 'C5', 'C5', '', '', 'hidden', '', 'user', 35, 1, '2017-11-13 18:39:48', 3600, 1),
(725, 'medical', 'chiroC6', 'C6', 'C6', 'C6', '', '', 'hidden', '', 'user', 35, 1, '2017-11-13 18:39:48', 3600, 1),
(726, 'medical', 'chiroC7', 'C7', 'C7', 'C7', '', '', 'hidden', '', 'user', 35, 1, '2017-11-13 18:39:48', 3600, 1),
(727, 'medical', 'chiroT1', 'T1', 'T1', 'T1', '', '', 'hidden', '', 'user', 35, 1, '2017-11-13 18:39:48', 3600, 1),
(728, 'medical', 'chiroT2', 'T2', 'T2', 'T2', '', '', 'hidden', '', 'user', 35, 1, '2017-11-13 18:39:48', 3600, 1),
(729, 'medical', 'chiroT3', 'T3', 'T3', 'T3', '', '', 'hidden', '', 'user', 35, 1, '2017-11-13 18:39:48', 3600, 1),
(730, 'medical', 'chiroT4', 'T4', 'T4', 'T4', '', '', 'hidden', '', 'user', 35, 1, '2017-11-13 18:39:48', 3600, 1),
(731, 'medical', 'chiroT5', 'T5', 'T5', 'T5', '', '', 'hidden', '', 'user', 35, 1, '2017-11-13 18:39:48', 3600, 1),
(732, 'medical', 'chiroT6', 'T6', 'T6', 'T6', '', '', 'hidden', '', 'user', 35, 1, '2017-11-13 18:39:48', 3600, 1),
(733, 'medical', 'chiroT7', 'T7', 'T7', 'T7', '', '', 'hidden', '', 'user', 35, 1, '2017-11-13 18:39:48', 3600, 1),
(734, 'medical', 'chiroT8', 'T8', 'T8', 'T8', '', '', 'hidden', '', 'user', 35, 1, '2017-11-13 18:39:48', 3600, 1),
(735, 'medical', 'chiroT9', 'T9', 'T9', 'T9', '', '', 'hidden', '', 'user', 35, 1, '2017-11-13 18:39:48', 3600, 1),
(736, 'medical', 'chiroT10', 'T10', 'T10', 'T10', '', '', 'hidden', '', 'user', 35, 1, '2017-11-13 18:39:48', 3600, 1),
(737, 'medical', 'chiroT11', 'T11', 'T11', 'T11', '', '', 'hidden', '', 'user', 35, 1, '2017-11-13 18:39:48', 3600, 1),
(738, 'medical', 'chiroT12', 'T12', 'T12', 'T12', '', '', 'hidden', '', 'user', 35, 1, '2017-11-13 18:39:48', 3600, 1),
(739, 'medical', 'chiroK1_Lt', 'K1 Lt', 'K1 Lt', 'K1 Lt', '', '', 'hidden', '', 'user', 35, 1, '2017-11-13 18:39:48', 3600, 1),
(740, 'medical', 'chiroK1_Rt', 'K1 Rt', 'K1 Rt', 'K1 Rt', '', '', 'hidden', '', 'user', 35, 1, '2017-11-13 18:39:48', 3600, 1),
(741, 'medical', 'chiroK2_Lt', 'K2 Lt', 'K2 Lt', 'K2 Lt', '', '', 'hidden', '', 'user', 35, 1, '2017-11-13 18:39:48', 3600, 1),
(742, 'medical', 'chiroK2_Rt', 'K2 Rt', 'K2 Rt', 'K2 Rt', '', '', 'hidden', '', 'user', 35, 1, '2017-11-13 18:39:48', 3600, 1),
(743, 'medical', 'chiroK3_Lt', 'K3 Lt', 'K3 Lt', 'K3 Lt', '', '', 'hidden', '', 'user', 35, 1, '2017-11-13 18:39:48', 3600, 1),
(744, 'medical', 'chiroK3_Rt', 'K3 Rt', 'K3 Rt', 'K3 Rt', '', '', 'hidden', '', 'user', 35, 1, '2017-11-13 18:39:48', 3600, 1),
(745, 'medical', 'chiroK4_Lt', 'K4 Lt', 'K4 Lt', 'K4 Lt', '', '', 'hidden', '', 'user', 35, 1, '2017-11-13 18:39:48', 3600, 1),
(746, 'medical', 'chiroK4_Rt', 'K4 Rt', 'K4 Rt', 'K4 Rt', '', '', 'hidden', '', 'user', 35, 1, '2017-11-13 18:39:48', 3600, 1),
(747, 'medical', 'chiroK5_Lt', 'K5 Lt', 'K5 Lt', 'K5 Lt', '', '', 'hidden', '', 'user', 35, 1, '2017-11-13 18:39:48', 3600, 1),
(748, 'medical', 'chiroK5_Rt', 'K5 Rt', 'K5 Rt', 'K5 Rt', '', '', 'hidden', '', 'user', 35, 1, '2017-11-13 18:39:48', 3600, 1),
(749, 'medical', 'chiroK6_Lt', 'K6 Lt', 'K6 Lt', 'K6 Lt', '', '', 'hidden', '', 'user', 35, 1, '2017-11-13 18:39:48', 3600, 1),
(750, 'medical', 'chiroK6_Rt', 'K6 Rt', 'K6 Rt', 'K6 Rt', '', '', 'hidden', '', 'user', 35, 1, '2017-11-13 18:39:48', 3600, 1),
(751, 'medical', 'chiroK7_Lt', 'K7 Lt', 'K7 Lt', 'K7 Lt', '', '', 'hidden', '', 'user', 35, 1, '2017-11-13 18:39:48', 3600, 1),
(752, 'medical', 'chiroK7_Rt', 'K7 Rt', 'K7 Rt', 'K7 Rt', '', '', 'hidden', '', 'user', 35, 1, '2017-11-13 18:39:48', 3600, 1),
(753, 'medical', 'chiroK8_Lt', 'K8 Lt', 'K8 Lt', 'K8 Lt', '', '', 'hidden', '', 'user', 35, 1, '2017-11-13 18:39:48', 3600, 1),
(754, 'medical', 'chiroK8_Rt', 'K8 Rt', 'K8 Rt', 'K8 Rt', '', '', 'hidden', '', 'user', 35, 1, '2017-11-13 18:39:48', 3600, 1),
(755, 'medical', 'chiroK9_Lt', 'K9 Lt', 'K9 Lt', 'K9 Lt', '', '', 'hidden', '', 'user', 35, 1, '2017-11-13 18:39:48', 3600, 1),
(756, 'medical', 'chiroK9_Rt', 'K9 Rt', 'K9 Rt', 'K9 Rt', '', '', 'hidden', '', 'user', 35, 1, '2017-11-13 18:39:48', 3600, 1),
(757, 'medical', 'chiroK10_Lt', 'K10 Lt', 'K10 Lt', 'K10 Lt', '', '', 'hidden', '', 'user', 35, 1, '2017-11-13 18:39:48', 3600, 1),
(758, 'medical', 'chiroK10_Rt', 'K10 Rt', 'K10 Rt', 'K10 Rt', '', '', 'hidden', '', 'user', 35, 1, '2017-11-13 18:39:48', 3600, 1),
(759, 'medical', 'chiroK11_Lt', 'K11 Lt', 'K11 Lt', 'K11 Lt', '', '', 'hidden', '', 'user', 35, 1, '2017-11-13 18:39:48', 3600, 1),
(760, 'medical', 'chiroK11_Rt', 'K11 Rt', 'K11 Rt', 'K11 Rt', '', '', 'hidden', '', 'user', 35, 1, '2017-11-13 18:39:48', 3600, 1),
(761, 'medical', 'chiroK12_Lt', 'K12 Lt', 'K12 Lt', 'K12 Lt', '', '', 'hidden', '', 'user', 35, 1, '2017-11-13 18:39:48', 3600, 1),
(762, 'medical', 'chiroK12_Rt', 'K12 Rt', 'K12 Rt', 'K12 Rt', '', '', 'hidden', '', 'user', 35, 1, '2017-11-13 18:39:48', 3600, 1),
(763, 'medical', 'L1', 'L1', 'L1', 'L1', '', '', 'hidden', '', 'user', 35, 1, '2017-11-13 18:39:48', 3600, 1),
(764, 'medical', 'L2', 'L2', 'L2', 'L2', '', '', 'hidden', '', 'user', 35, 1, '2017-11-13 18:39:48', 3600, 1),
(765, 'medical', 'L3', 'L3', 'L3', 'L3', '', '', 'hidden', '', 'user', 35, 1, '2017-11-13 18:39:48', 3600, 1),
(766, 'medical', 'L4', 'L4', 'L4', 'L4', '', '', 'hidden', '', 'user', 35, 1, '2017-11-13 18:39:48', 3600, 1),
(767, 'medical', 'L5', 'L5', 'L5', 'L5', '', '', 'hidden', '', 'user', 35, 1, '2017-11-13 18:39:48', 3600, 1),
(768, 'medical', 'Coccyx', 'Coccyx', 'Coccyx', 'Coccyx', '', '', 'hidden', '', 'user', 35, 1, '2017-11-13 18:39:48', 3600, 1);

